ticket_ref,txn_id,team_code,status,opened_at,resolved_at,expected_amount,actual_amount,margin_aed,status_key,opened_at_gst,resolved_at_gst,variance_amount_aed,variance_pct,resolution_hours_raw,quarantine_reason
T-100534,,PAY-OPS,Resolved,24-03-2025 09:12,25/03/2025 05:31:05,527.76,537.23,8.26,RESOLVED,2025-03-24 09:12:00,2025-03-25 05:31:05,9.47,1.79,20.32,MISSING_TXN_ID
T-100569,TXN9159614,CS-AUH,Pending,31/02/2025 10:00,,452.41,443.28,5.86,IN_PROGRESS,,,-9.13,-2.02,,UNPARSEABLE_OPENED_AT
T-100350,,FUL-DXB,Resolved,14-03-2025 16:55,15-03-2025 05:20,204.65,208.1,8.98,RESOLVED,2025-03-14 16:55:00,2025-03-15 05:20:00,3.45,1.69,12.42,MISSING_TXN_ID
T-102105,TXN1175287,CS-DXB,Resolved,27/05/2025 18:15,28/05/2025 15:05:33,891.53,,12.43,RESOLVED,2025-05-27 18:15:00,2025-05-28 15:05:33,,,20.84,AMOUNT_NOT_NUMERIC
T-100212,,CS-AUH,Resolved,10-03-2025 13:50,11/03/2025 01:04:13,253.59,248.35,5.14,RESOLVED,2025-03-10 13:50:00,2025-03-11 01:04:13,-5.24,-2.07,11.24,MISSING_TXN_ID
T-100907,,CS-DXB,Resolved,08/04/2025 16:39,09/04/2025 10:18:55,262.18,262.42,6.03,RESOLVED,2025-04-08 16:39:00,2025-04-09 10:18:55,0.24,0.09,17.67,MISSING_TXN_ID
T-101193,TXN5915717,FUL-DXB,Resolved,18/04/2025 10:43:00,2025-04-18 08:43:00,146.51,148.12,5.48,RESOLVED,2025-04-18 10:43:00,2025-04-18 08:43:00,1.61,1.1,-2.0,NEGATIVE_TURNAROUND
T-101089,,CS-DXB,Resolved,15/04/2025 11:48,16/04/2025 05:23:25,143.31,145.3,2.91,RESOLVED,2025-04-15 11:48:00,2025-04-16 05:23:25,1.99,1.39,17.59,MISSING_TXN_ID
T-102035,TXN5391354,FUL-RUH,Resolved,22 May 2025 09:46,2025-05-25 09:51:30,73.19,,2.87,RESOLVED,2025-05-22 09:46:00,2025-05-25 09:51:30,,,72.09,AMOUNT_NOT_NUMERIC
T-100812,,FUL-DXB,Resolved,04/04/2025 17:14:00,2025-04-05 05:56:55,816.41,817.62,22.24,RESOLVED,2025-04-04 17:14:00,2025-04-05 05:56:55,1.21,0.15,12.72,MISSING_TXN_ID
T-101402,TXN9297664,FIN-OPS,Resolved,29/04/2025 07:48,2025-04-29 05:48:00,1870.2,1827.42,34.14,RESOLVED,2025-04-29 07:48:00,2025-04-29 05:48:00,-42.78,-2.29,-2.0,NEGATIVE_TURNAROUND
,TXN9923586,FIN-OPS,Pending,11 Apr 2025 11:27,,736.3,773.19,12.67,IN_PROGRESS,2025-04-11 11:27:00,,36.89,5.01,,MISSING_TICKET_REF
T-100472,,PAY-OPS,Resolved,20 Mar 2025 16:00,2025-03-21 20:03:27,775.25,767.48,11.77,RESOLVED,2025-03-20 16:00:00,2025-03-21 20:03:27,-7.77,-1.0,28.06,MISSING_TXN_ID
T-101943,,FUL-DXB,Pending,20/05/2025 09:10,,520.44,530.93,18.89,IN_PROGRESS,2025-05-20 09:10:00,,10.49,2.02,,MISSING_TXN_ID
T-101738,TXN2262286,CS-DXB,Resolved,2025-05-12 11:21:00,12-05-2025 17:21,281.53,,5.43,RESOLVED,2025-05-12 11:21:00,2025-05-12 17:21:00,,,6.0,AMOUNT_NOT_NUMERIC
T-100473,TXN5624268,PAY-OPS,Resolved,20/03/2025 10:54,22/03/2025 19:54,176.63,,2.77,RESOLVED,2025-03-20 10:54:00,2025-03-22 19:54:00,,,57.0,AMOUNT_NOT_NUMERIC
T-100884,TXN7425349,CS-AUH,Resolved,31/02/2025 10:00,08-04-2025 02:06,680.45,674.28,11.23,RESOLVED,,2025-04-08 02:06:00,-6.17,-0.91,,UNPARSEABLE_OPENED_AT
T-100167,,CS-DXB,Resolved,07/03/2025 07:01,2025-03-07 15:15:14,266.08,264.9,4.45,RESOLVED,2025-03-07 07:01:00,2025-03-07 15:15:14,-1.18,-0.44,8.24,MISSING_TXN_ID
T-100026,,CS-AUH,Resolved,03/03/2025 15:34,04/03/2025 14:12:02,909.86,895.43,8.83,RESOLVED,2025-03-03 15:34:00,2025-03-04 14:12:02,-14.43,-1.59,22.63,MISSING_TXN_ID
T-100301,TXN5419977,CS-DXB,Resolved,2025-03-13 09:10:00,14 Mar 2025 04:07,111.54,,2.4,RESOLVED,2025-03-13 09:10:00,2025-03-14 04:07:00,,,18.95,AMOUNT_NOT_NUMERIC
T-100512,TXN1891338,CS-AUH,Resolved,31/02/2025 10:00,21 Mar 2025 22:29,120.42,118.91,1.29,RESOLVED,,2025-03-21 22:29:00,-1.51,-1.25,,UNPARSEABLE_OPENED_AT
T-101156,TXN8178819,CS-AUH,Resolved,2025-04-17 11:34:00,17-04-2025 09:34,204.12,210.87,2.43,RESOLVED,2025-04-17 11:34:00,2025-04-17 09:34:00,6.75,3.31,-2.0,NEGATIVE_TURNAROUND
T-100489,TXN7751967,FUL-DXB,Resolved,31/02/2025 10:00,22/03/2025 02:51,146.09,151.05,3.47,RESOLVED,,2025-03-22 02:51:00,4.96,3.4,,UNPARSEABLE_OPENED_AT
T-100372,TXN6204265,CS-DXB,Resolved,17/03/2025 15:23:00,2025-03-17 13:23:00,409.72,405.26,10.23,RESOLVED,2025-03-17 15:23:00,2025-03-17 13:23:00,-4.46,-1.09,-2.0,NEGATIVE_TURNAROUND
T-101238,,PAY-OPS,Open,22 Apr 2025 08:54,,1170.77,1201.03,13.61,OPEN,2025-04-22 08:54:00,,30.26,2.58,,MISSING_TXN_ID
T-101715,TXN2397450,FUL-DXB,Resolved,09-05-2025 13:59,09/05/2025 11:59,153.36,153.78,3.77,RESOLVED,2025-05-09 13:59:00,2025-05-09 11:59:00,0.42,0.27,-2.0,NEGATIVE_TURNAROUND
T-102167,TXN3285256,FIN-OPS,Open,31/02/2025 10:00,,103.18,101.94,1.07,OPEN,,,-1.24,-1.2,,UNPARSEABLE_OPENED_AT
T-100475,TXN1461966,CS-DXB,Resolved,20-03-2025 07:20,20 Mar 2025 05:20,407.09,421.26,6.2,RESOLVED,2025-03-20 07:20:00,2025-03-20 05:20:00,14.17,3.48,-2.0,NEGATIVE_TURNAROUND
T-101035,,FUL-RUH,Resolved,11-04-2025 11:16,12-04-2025 06:18,471.18,468.95,14.49,RESOLVED,2025-04-11 11:16:00,2025-04-12 06:18:00,-2.23,-0.47,19.03,MISSING_TXN_ID
T-101354,,FUL-DXB,Resolved,25/04/2025 18:41:00,26/04/2025 07:29,1883.31,1907.22,55.18,RESOLVED,2025-04-25 18:41:00,2025-04-26 07:29:00,23.91,1.27,12.8,MISSING_TXN_ID
T-100388,TXN3311884,FUL-DXB,Resolved,31/02/2025 10:00,18/03/2025 12:44,406.27,404.64,9.51,RESOLVED,,2025-03-18 12:44:00,-1.63,-0.4,,UNPARSEABLE_OPENED_AT
,TXN6716937,FUL-DXB,Resolved,2025-04-28 10:07:00,30/04/2025 11:07,713.97,718.03,28.85,RESOLVED,2025-04-28 10:07:00,2025-04-30 11:07:00,4.06,0.57,49.0,MISSING_TICKET_REF
,TXN9829429,FUL-RUH,Resolved,18/04/2025 13:17,2025-04-20 10:23:38,79.9,78.08,1.73,RESOLVED,2025-04-18 13:17:00,2025-04-20 10:23:38,-1.82,-2.28,45.11,MISSING_TICKET_REF
,TXN1455412,FUL-DXB,Resolved,2025-03-26 08:47:00,27/03/2025 09:04,735.48,718.74,29.44,RESOLVED,2025-03-26 08:47:00,2025-03-27 09:04:00,-16.74,-2.28,24.28,MISSING_TICKET_REF
T-100198,,PAY-OPS,Resolved,2025-03-10 16:19:00,11 Mar 2025 20:31,332.98,286.31,6.72,RESOLVED,2025-03-10 16:19:00,2025-03-11 20:31:00,-46.67,-14.02,28.2,MISSING_TXN_ID
T-100285,,FUL-DXB,Resolved,12/03/2025 15:01:00,13/03/2025 06:09:53,334.81,322.51,6.75,RESOLVED,2025-03-12 15:01:00,2025-03-13 06:09:53,-12.3,-3.67,15.15,MISSING_TXN_ID
T-101533,TXN7252538,FUL-DXB,Open,31/02/2025 10:00,,566.1,571.53,13.84,OPEN,,,5.43,0.96,,UNPARSEABLE_OPENED_AT
T-100382,TXN3113223,FUL-DXB,In Progress,31/02/2025 10:00,,853.15,860.87,21.13,IN_PROGRESS,,,7.72,0.9,,UNPARSEABLE_OPENED_AT
T-101611,TXN8772693,FUL-DXB,Resolved,06/05/2025 09:47,07/05/2025 13:14:13,329.15,343.02,12.15,RESOLVED,2025-05-06 09:47:00,2025-05-07 13:14:13,13.87,4.21,27.45,DUPLICATE_TICKET
T-100499,TXN1878766,FIN-OPS,Resolved,2025-03-21 07:40:00,21/03/2025 05:40,501.07,512.05,5.65,RESOLVED,2025-03-21 07:40:00,2025-03-21 05:40:00,10.98,2.19,-2.0,NEGATIVE_TURNAROUND
T-101571,TXN3810332,CS-AUH,Escalated??,05/05/2025 09:00,06/05/2025 02:11:18,419.8,429.48,7.26,,2025-05-05 09:00:00,2025-05-06 02:11:18,9.68,2.31,17.19,UNKNOWN_STATUS
,TXN9599418,CS-DXB,Resolved,06-03-2025 12:58,07/03/2025 00:42,299.99,298.85,4.55,RESOLVED,2025-03-06 12:58:00,2025-03-07 00:42:00,-1.14,-0.38,11.73,MISSING_TICKET_REF
T-101994,TXN8828275,FUL-DXB,Pending,31/02/2025 10:00,,311.9,302.14,11.66,IN_PROGRESS,,,-9.76,-3.13,,UNPARSEABLE_OPENED_AT
T-100633,,FUL-RUH,Resolved,27/03/2025 08:57,2025-03-30 00:27:26,281.74,291.59,8.1,RESOLVED,2025-03-27 08:57:00,2025-03-30 00:27:26,9.85,3.5,63.51,MISSING_TXN_ID
T-101855,TXN2424690,FUL-RUH,Resolved,15/05/2025 16:20,15-05-2025 14:20,112.18,116.49,3.56,RESOLVED,2025-05-15 16:20:00,2025-05-15 14:20:00,4.31,3.84,-2.0,NEGATIVE_TURNAROUND
T-101691,TXN2309851,CS-DXB,Resolved,09/05/2025 15:39:00,11/05/2025 05:59,2553.47,,39.2,RESOLVED,2025-05-09 15:39:00,2025-05-11 05:59:00,,,38.33,AMOUNT_NOT_NUMERIC
T-100362,TXN9888450,FIN-OPS,Resolved,17 Mar 2025 10:57,17/03/2025 08:57:00,588.95,592.51,5.1,RESOLVED,2025-03-17 10:57:00,2025-03-17 08:57:00,3.56,0.6,-2.0,NEGATIVE_TURNAROUND
T-101143,TXN5040062,PAY-OPS,Resolved,17-04-2025 10:53,18/04/2025 14:03,311.51,,6.79,RESOLVED,2025-04-17 10:53:00,2025-04-18 14:03:00,,,27.17,AMOUNT_NOT_NUMERIC
T-101342,TXN3848546,PAY-OPS,Resolved,2025-04-25 11:41:00,25-04-2025 09:41,256.77,255.28,5.26,RESOLVED,2025-04-25 11:41:00,2025-04-25 09:41:00,-1.49,-0.58,-2.0,NEGATIVE_TURNAROUND
T-101284,,FUL-DXB,Resolved,23 Apr 2025 12:51,24/04/2025 06:56,764.25,742.18,15.9,RESOLVED,2025-04-23 12:51:00,2025-04-24 06:56:00,-22.07,-2.89,18.08,MISSING_TXN_ID
T-100621,,CS-AUH,Resolved,27 Mar 2025 09:22,2025-03-28 01:14:29,791.64,827.64,12.46,RESOLVED,2025-03-27 09:22:00,2025-03-28 01:14:29,36.0,4.55,15.87,MISSING_TXN_ID
T-101874,TXN7373886,CS-AUH,Resolved,31/02/2025 10:00,16/05/2025 22:58:47,318.49,323.09,6.52,RESOLVED,,2025-05-16 22:58:47,4.6,1.44,,UNPARSEABLE_OPENED_AT
T-100151,TXN6246553,FUL-RUH,In Progress,31/02/2025 10:00,,206.35,200.75,6.71,IN_PROGRESS,,,-5.6,-2.71,,UNPARSEABLE_OPENED_AT
T-100612,TXN8201624,PAY-OPS,Resolved,27/03/2025 18:05:00,29/03/2025 17:02,1280.09,,24.58,RESOLVED,2025-03-27 18:05:00,2025-03-29 17:02:00,,,46.95,AMOUNT_NOT_NUMERIC
T-100189,TXN3526776,FIN-OPS,Resolved,10 Mar 2025 14:40,2025-03-12 00:53:12,334.15,,5.49,RESOLVED,2025-03-10 14:40:00,2025-03-12 00:53:12,,,34.22,AMOUNT_NOT_NUMERIC
T-101010,TXN6112100,PAY-OPS,Resolved,11/04/2025 09:28,11/04/2025 07:28:00,669.4,677.68,9.84,RESOLVED,2025-04-11 09:28:00,2025-04-11 07:28:00,8.28,1.24,-2.0,NEGATIVE_TURNAROUND
T-100752,TXN5681262,FUL-DXB,In Progress,31/02/2025 10:00,,393.6,394.69,12.73,IN_PROGRESS,,,1.09,0.28,,UNPARSEABLE_OPENED_AT
T-100143,TXN6838508,FUL-DXB,Escalated??,2025-03-06 07:27:00,07/03/2025 07:22:57,664.42,644.4,28.74,,2025-03-06 07:27:00,2025-03-07 07:22:57,-20.02,-3.01,23.93,UNKNOWN_STATUS
T-100163,TXN4097568,PAY-OPS,Resolved,31/02/2025 10:00,2025-03-08 07:30:27,134.82,135.51,3.01,RESOLVED,,2025-03-08 07:30:27,0.69,0.51,,UNPARSEABLE_OPENED_AT
T-101724,TXN2023463,FIN-OPS,Resolved,12-05-2025 13:25,12/05/2025 11:25:00,595.82,592.46,8.55,RESOLVED,2025-05-12 13:25:00,2025-05-12 11:25:00,-3.36,-0.56,-2.0,NEGATIVE_TURNAROUND
T-100765,TXN6815095,FIN-OPS,Escalated??,03-04-2025 09:37,04-04-2025 00:45,325.07,404.41,6.0,,2025-04-03 09:37:00,2025-04-04 00:45:00,79.34,24.41,15.13,UNKNOWN_STATUS
T-101453,TXN5035325,CS-DXB,Resolved,2025-04-30 07:57:00,30-04-2025 05:57,492.31,496.44,12.87,RESOLVED,2025-04-30 07:57:00,2025-04-30 05:57:00,4.13,0.84,-2.0,NEGATIVE_TURNAROUND
T-102139,TXN3444383,CS-DXB,Open,31/02/2025 10:00,,174.14,171.86,4.5,OPEN,,,-2.28,-1.31,,UNPARSEABLE_OPENED_AT
T-100990,TXN4454415,FUL-DXB,Resolved,10/04/2025 14:08:00,12/04/2025 12:00:34,288.82,,6.53,RESOLVED,2025-04-10 14:08:00,2025-04-12 12:00:34,,,45.88,AMOUNT_NOT_NUMERIC
,TXN4214017,FIN-OPS,Resolved,03 Mar 2025 13:39,04/03/2025 06:15,509.51,505.16,6.32,RESOLVED,2025-03-03 13:39:00,2025-03-04 06:15:00,-4.35,-0.85,16.6,MISSING_TICKET_REF
T-100616,TXN6612101,CS-DXB,Resolved,27-03-2025 12:59,28 Mar 2025 06:24,427.76,424.88,10.1,RESOLVED,2025-03-27 12:59:00,2025-03-28 06:24:00,-2.88,-0.67,17.42,DUPLICATE_TICKET
T-102124,,FUL-RUH,Resolved,2025-05-27 08:55:00,30-05-2025 00:15,267.87,274.06,9.51,RESOLVED,2025-05-27 08:55:00,2025-05-30 00:15:00,6.19,2.31,63.33,MISSING_TXN_ID
T-101155,,CS-AUH,Resolved,17/04/2025 11:57,18/04/2025 01:21:51,89.13,87.42,1.53,RESOLVED,2025-04-17 11:57:00,2025-04-18 01:21:51,-1.71,-1.92,13.41,MISSING_TXN_ID
T-101761,TXN8241216,FUL-DXB,Resolved,31/02/2025 10:00,14/05/2025 01:06:45,1123.92,1155.83,22.31,RESOLVED,,2025-05-14 01:06:45,31.91,2.84,,UNPARSEABLE_OPENED_AT
T-100903,,PAY-OPS,Resolved,08/04/2025 14:48:00,09/04/2025 06:53,484.73,478.85,7.35,RESOLVED,2025-04-08 14:48:00,2025-04-09 06:53:00,-5.88,-1.21,16.08,MISSING_TXN_ID
,TXN1261931,FUL-RUH,Resolved,11-04-2025 09:45,2025-04-14 00:04:11,597.0,594.57,23.28,RESOLVED,2025-04-11 09:45:00,2025-04-14 00:04:11,-2.43,-0.41,62.32,MISSING_TICKET_REF
T-101436,TXN9852584,FUL-DXB,Resolved,29/04/2025 07:32:00,2025-04-30 07:29:44,330.27,323.36,13.69,RESOLVED,2025-04-29 07:32:00,2025-04-30 07:29:44,-6.91,-2.09,23.96,DUPLICATE_TICKET
T-100065,TXN2531093,CS-AUH,Escalated??,2025-03-04 14:08:00,05 Mar 2025 01:24,673.38,673.59,8.47,,2025-03-04 14:08:00,2025-03-05 01:24:00,0.21,0.03,11.27,UNKNOWN_STATUS
T-101488,TXN7589768,CS-DXB,Resolved,31/02/2025 10:00,02 May 2025 07:24,112.23,116.03,2.18,RESOLVED,,2025-05-02 07:24:00,3.8,3.39,,UNPARSEABLE_OPENED_AT
T-101375,TXN3438121,CS-DXB,Resolved,28/04/2025 11:11:00,29 Apr 2025 06:49,593.74,600.81,9.16,RESOLVED,2025-04-28 11:11:00,2025-04-29 06:49:00,7.07,1.19,19.63,DUPLICATE_TICKET
T-100064,TXN2310018,CS-AUH,Resolved,04/03/2025 10:45:00,04-03-2025 16:12,724.74,,7.17,RESOLVED,2025-03-04 10:45:00,2025-03-04 16:12:00,,,5.45,AMOUNT_NOT_NUMERIC
T-101348,TXN6612437,CS-DXB,Resolved,25 Apr 2025 14:31,2025-04-27 12:43:28,390.83,386.25,5.23,RESOLVED,2025-04-25 14:31:00,2025-04-27 12:43:28,-4.58,-1.17,46.21,DUPLICATE_TICKET
T-100802,TXN8869606,CS-DXB,Resolved,2025-04-04 17:20:00,04 Apr 2025 15:20,618.29,615.78,10.19,RESOLVED,2025-04-04 17:20:00,2025-04-04 15:20:00,-2.51,-0.41,-2.0,NEGATIVE_TURNAROUND
T-101355,TXN4645759,FUL-DXB,Resolved,25/04/2025 15:53:00,29/04/2025 06:24,335.35,,7.15,RESOLVED,2025-04-25 15:53:00,2025-04-29 06:24:00,,,86.52,AMOUNT_NOT_NUMERIC
T-101001,TXN4244851,FIN-OPS,Resolved,11-04-2025 12:59,11/04/2025 10:59:00,158.36,158.75,2.06,RESOLVED,2025-04-11 12:59:00,2025-04-11 10:59:00,0.39,0.25,-2.0,NEGATIVE_TURNAROUND
T-100898,TXN5448122,FIN-OPS,Resolved,2025-04-08 11:22:00,08-04-2025 09:22,364.27,360.46,6.67,RESOLVED,2025-04-08 11:22:00,2025-04-08 09:22:00,-3.81,-1.05,-2.0,NEGATIVE_TURNAROUND
T-101196,TXN4949691,FUL-RUH,Resolved,18/04/2025 16:35:00,2025-04-18 14:35:00,456.54,455.61,12.2,RESOLVED,2025-04-18 16:35:00,2025-04-18 14:35:00,-0.93,-0.2,-2.0,NEGATIVE_TURNAROUND
T-100662,TXN5116060,FUL-RUH,Escalated??,28/03/2025 15:22,30-03-2025 10:47,335.72,329.97,12.72,,2025-03-28 15:22:00,2025-03-30 10:47:00,-5.75,-1.71,43.42,UNKNOWN_STATUS
T-100297,TXN4935843,CS-DXB,Resolved,31/02/2025 10:00,15/03/2025 00:13,412.9,400.79,6.8,RESOLVED,,2025-03-15 00:13:00,-12.11,-2.93,,UNPARSEABLE_OPENED_AT
T-101274,TXN1438827,CS-AUH,Resolved,31/02/2025 10:00,24/04/2025 09:08,2251.79,2213.22,31.26,RESOLVED,,2025-04-24 09:08:00,-38.57,-1.71,,UNPARSEABLE_OPENED_AT
T-101422,TXN1582606,CS-AUH,Resolved,31/02/2025 10:00,30-04-2025 01:04,106.01,108.41,2.15,RESOLVED,,2025-04-30 01:04:00,2.4,2.26,,UNPARSEABLE_OPENED_AT
T-101217,TXN4665132,FUL-DXB,Open,31/02/2025 10:00,,1711.36,1732.61,42.66,OPEN,,,21.25,1.24,,UNPARSEABLE_OPENED_AT
T-101877,TXN2188910,FUL-DXB,Resolved,16 May 2025 09:03,16 May 2025 07:03,487.86,494.28,21.21,RESOLVED,2025-05-16 09:03:00,2025-05-16 07:03:00,6.42,1.32,-2.0,NEGATIVE_TURNAROUND
T-101069,TXN6153749,FUL-DXB,Resolved,31/02/2025 10:00,2025-04-16 08:32:36,1146.01,1142.95,25.29,RESOLVED,,2025-04-16 08:32:36,-3.06,-0.27,,UNPARSEABLE_OPENED_AT
T-101221,TXN5621349,FUL-DXB,Resolved,21/04/2025 08:52:00,23/04/2025 03:51,285.37,283.6,5.94,RESOLVED,2025-04-21 08:52:00,2025-04-23 03:51:00,-1.77,-0.62,42.98,DUPLICATE_TICKET
,TXN4774856,CS-DXB,Resolved,09-05-2025 10:22,09-05-2025 19:21,492.15,491.3,13.32,RESOLVED,2025-05-09 10:22:00,2025-05-09 19:21:00,-0.85,-0.17,8.98,MISSING_TICKET_REF
T-101153,TXN2091331,CS-AUH,Pending,17-04-2025 15:56,,1402.19,1428.18,17.98,IN_PROGRESS,2025-04-17 15:56:00,,25.99,1.85,,DUPLICATE_TICKET
T-101017,TXN7040382,CS-DXB,Resolved,11 Apr 2025 15:24,12 Apr 2025 22:10,266.26,,4.19,RESOLVED,2025-04-11 15:24:00,2025-04-12 22:10:00,,,30.77,AMOUNT_NOT_NUMERIC
T-100541,TXN2114284,CS-AUH,Resolved,24/03/2025 14:40,24 Mar 2025 22:50,290.56,,3.79,RESOLVED,2025-03-24 14:40:00,2025-03-24 22:50:00,,,8.17,AMOUNT_NOT_NUMERIC
T-100737,,PAY-OPS,Resolved,02/04/2025 11:36:00,2025-04-03 08:00:47,163.8,163.12,3.25,RESOLVED,2025-04-02 11:36:00,2025-04-03 08:00:47,-0.68,-0.42,20.41,MISSING_TXN_ID
T-100810,,FUL-DXB,Resolved,04-04-2025 07:43,2025-04-04 23:18:33,883.05,889.59,20.91,RESOLVED,2025-04-04 07:43:00,2025-04-04 23:18:33,6.54,0.74,15.59,MISSING_TXN_ID
T-100025,,CS-AUH,Resolved,03-03-2025 16:29,04/03/2025 14:42,596.02,706.19,12.24,RESOLVED,2025-03-03 16:29:00,2025-03-04 14:42:00,110.17,18.48,22.22,MISSING_TXN_ID
,TXN3760543,FIN-OPS,Resolved,18-03-2025 16:12,19-03-2025 07:01,343.05,347.82,4.51,RESOLVED,2025-03-18 16:12:00,2025-03-19 07:01:00,4.77,1.39,14.82,MISSING_TICKET_REF
T-100196,TXN5726564,PAY-OPS,Resolved,31/02/2025 10:00,11-03-2025 06:58,344.04,328.68,6.44,RESOLVED,,2025-03-11 06:58:00,-15.36,-4.46,,UNPARSEABLE_OPENED_AT
T-101975,,CS-DXB,Resolved,21/05/2025 17:22:00,22-05-2025 03:16,345.42,248.64,4.19,RESOLVED,2025-05-21 17:22:00,2025-05-22 03:16:00,-96.78,-28.02,9.9,MISSING_TXN_ID
T-102156,TXN5326579,FUL-DXB,Open,31/02/2025 10:00,,104.31,101.89,2.67,OPEN,,,-2.42,-2.32,,UNPARSEABLE_OPENED_AT
T-101708,TXN2913487,FUL-DXB,Resolved,09 May 2025 07:27,09 May 2025 05:27,770.99,810.05,29.82,RESOLVED,2025-05-09 07:27:00,2025-05-09 05:27:00,39.06,5.07,-2.0,NEGATIVE_TURNAROUND
T-101665,TXN8027835,FUL-DXB,Resolved,2025-05-08 14:34:00,11 May 2025 04:28,1601.24,1563.91,38.1,RESOLVED,2025-05-08 14:34:00,2025-05-11 04:28:00,-37.33,-2.33,61.9,DUPLICATE_TICKET
T-101327,,FUL-RUH,Resolved,24/04/2025 16:24:00,26 Apr 2025 20:29,716.35,713.08,15.69,RESOLVED,2025-04-24 16:24:00,2025-04-26 20:29:00,-3.27,-0.46,52.08,MISSING_TXN_ID
,TXN3533269,CS-DXB,Resolved,15 May 2025 13:00,16/05/2025 05:37,467.11,472.06,11.66,RESOLVED,2025-05-15 13:00:00,2025-05-16 05:37:00,4.95,1.06,16.62,MISSING_TICKET_REF
T-100645,TXN2539236,CS-DXB,Resolved,31/02/2025 10:00,29/03/2025 09:11:32,1020.94,1026.17,14.17,RESOLVED,,2025-03-29 09:11:32,5.23,0.51,,UNPARSEABLE_OPENED_AT
T-102102,TXN6927618,PAY-OPS,Resolved,31/02/2025 10:00,28/05/2025 11:35:15,110.45,113.32,1.18,RESOLVED,,2025-05-28 11:35:15,2.87,2.6,,UNPARSEABLE_OPENED_AT
T-102214,TXN8547064,CS-AUH,Open,31/02/2025 10:00,,395.88,398.51,6.22,OPEN,,,2.63,0.66,,UNPARSEABLE_OPENED_AT
T-101556,TXN2109622,PAY-OPS,Resolved,2025-05-05 16:49:00,06 May 2025 14:57,563.34,,8.84,RESOLVED,2025-05-05 16:49:00,2025-05-06 14:57:00,,,22.13,AMOUNT_NOT_NUMERIC
,TXN6381724,CS-DXB,Resolved,07 Apr 2025 09:03,07-04-2025 18:17,313.88,311.81,7.16,RESOLVED,2025-04-07 09:03:00,2025-04-07 18:17:00,-2.07,-0.66,9.23,MISSING_TICKET_REF
T-100786,,FUL-DXB,Resolved,03 Apr 2025 13:40,2025-04-05 03:35:11,37.06,37.07,0.95,RESOLVED,2025-04-03 13:40:00,2025-04-05 03:35:11,0.01,0.03,37.92,MISSING_TXN_ID
T-102213,,CS-AUH,Open,30/05/2025 12:19,,1619.54,1581.95,32.74,OPEN,2025-05-30 12:19:00,,-37.59,-2.32,,MISSING_TXN_ID
T-100795,,FIN-OPS,Resolved,04-04-2025 14:48,06-04-2025 09:52,185.49,186.52,3.32,RESOLVED,2025-04-04 14:48:00,2025-04-06 09:52:00,1.03,0.56,43.07,MISSING_TXN_ID
T-100682,TXN2179238,FUL-DXB,Escalated??,31/03/2025 17:08,01/04/2025 22:25,1370.28,1377.38,41.61,,2025-03-31 17:08:00,2025-04-01 22:25:00,7.1,0.52,29.28,UNKNOWN_STATUS
T-101256,TXN4309101,FUL-DXB,Resolved,22/04/2025 14:20,22/04/2025 12:20:00,434.25,428.79,11.63,RESOLVED,2025-04-22 14:20:00,2025-04-22 12:20:00,-5.46,-1.26,-2.0,NEGATIVE_TURNAROUND
T-100186,,FUL-RUH,Resolved,07/03/2025 14:15:00,2025-03-09 03:14:41,317.53,317.72,9.4,RESOLVED,2025-03-07 14:15:00,2025-03-09 03:14:41,0.19,0.06,36.99,MISSING_TXN_ID
T-101311,TXN8161424,CS-AUH,Resolved,31/02/2025 10:00,24-04-2025 22:47,979.37,990.84,15.1,RESOLVED,,2025-04-24 22:47:00,11.47,1.17,,UNPARSEABLE_OPENED_AT
T-101331,TXN9586254,FIN-OPS,Resolved,25/04/2025 07:13,26/04/2025 08:35,205.45,198.29,2.72,RESOLVED,2025-04-25 07:13:00,2025-04-26 08:35:00,-7.16,-3.49,25.37,DUPLICATE_TICKET
T-100496,TXN3789305,FUL-RUH,Resolved,20-03-2025 17:53,22-03-2025 10:58,727.27,658.62,17.85,RESOLVED,2025-03-20 17:53:00,2025-03-22 10:58:00,-68.65,-9.44,41.08,DUPLICATE_TICKET
T-101461,,FUL-DXB,Resolved,30 Apr 2025 13:18,2025-05-01 05:44:10,464.98,470.1,11.03,RESOLVED,2025-04-30 13:18:00,2025-05-01 05:44:10,5.12,1.1,16.44,MISSING_TXN_ID
T-100433,TXN1526754,CS-DXB,Resolved,2025-03-19 11:25:00,19 Mar 2025 23:50,1577.88,1573.13,41.31,RESOLVED,2025-03-19 11:25:00,2025-03-19 23:50:00,-4.75,-0.3,12.42,DUPLICATE_TICKET
T-100780,,CS-AUH,Resolved,03/04/2025 18:24:00,04-04-2025 05:59,1467.27,1454.73,17.06,RESOLVED,2025-04-03 18:24:00,2025-04-04 05:59:00,-12.54,-0.85,11.58,MISSING_TXN_ID
T-100219,,FUL-DXB,Pending,10 Mar 2025 10:01,,1743.25,1737.72,59.45,IN_PROGRESS,2025-03-10 10:01:00,,-5.53,-0.32,,MISSING_TXN_ID
,TXN4920913,CS-AUH,Resolved,07/03/2025 07:12:00,07/03/2025 17:41:40,644.29,656.38,9.6,RESOLVED,2025-03-07 07:12:00,2025-03-07 17:41:40,12.09,1.88,10.49,MISSING_TICKET_REF
T-101091,,CS-AUH,Resolved,15/04/2025 17:59,16-04-2025 03:36,476.81,478.93,7.36,RESOLVED,2025-04-15 17:59:00,2025-04-16 03:36:00,2.12,0.44,9.62,MISSING_TXN_ID
T-101437,TXN4156387,FUL-RUH,Escalated??,29 Apr 2025 08:05,,226.7,222.79,6.28,,2025-04-29 08:05:00,,-3.91,-1.72,,UNKNOWN_STATUS
T-102195,TXN1742874,PAY-OPS,Open,31/02/2025 10:00,,256.93,257.59,4.96,OPEN,,,0.66,0.26,,UNPARSEABLE_OPENED_AT
T-100536,TXN9306842,PAY-OPS,Open,31/02/2025 10:00,,157.38,156.98,3.41,OPEN,,,-0.4,-0.25,,UNPARSEABLE_OPENED_AT
T-100452,TXN1024898,FUL-DXB,Resolved,2025-03-19 12:58:00,19-03-2025 10:58,518.14,501.43,20.68,RESOLVED,2025-03-19 12:58:00,2025-03-19 10:58:00,-16.71,-3.22,-2.0,NEGATIVE_TURNAROUND
T-100740,TXN6572512,CS-DXB,Resolved,02/04/2025 14:18,02/04/2025 12:18,174.56,173.54,2.22,RESOLVED,2025-04-02 14:18:00,2025-04-02 12:18:00,-1.02,-0.58,-2.0,NEGATIVE_TURNAROUND
T-102107,TXN4795450,CS-DXB,Resolved,31/02/2025 10:00,28/05/2025 16:20:06,652.09,649.06,11.06,RESOLVED,,2025-05-28 16:20:06,-3.03,-0.46,,UNPARSEABLE_OPENED_AT
T-100662,TXN5116060,FUL-RUH,Escalated??,28/03/2025 15:22,30-03-2025 10:47,335.72,329.97,12.72,,2025-03-28 15:22:00,2025-03-30 10:47:00,-5.75,-1.71,43.42,DUPLICATE_TICKET|UNKNOWN_STATUS
T-100089,TXN9541198,PAY-OPS,Escalated??,05-03-2025 08:27,05/03/2025 19:14:57,566.69,560.32,11.1,,2025-03-05 08:27:00,2025-03-05 19:14:57,-6.37,-1.12,10.8,UNKNOWN_STATUS
T-101760,TXN1579785,FUL-DXB,Escalated??,12-05-2025 13:18,14 May 2025 01:21,971.33,968.37,20.73,,2025-05-12 13:18:00,2025-05-14 01:21:00,-2.96,-0.3,36.05,UNKNOWN_STATUS
T-100241,TXN6063994,CS-AUH,Resolved,31/02/2025 10:00,12/03/2025 00:37:30,154.7,149.67,2.31,RESOLVED,,2025-03-12 00:37:30,-5.03,-3.25,,UNPARSEABLE_OPENED_AT
T-100099,,CS-DXB,Resolved,05-03-2025 08:08,05 Mar 2025 22:53,565.57,570.85,15.78,RESOLVED,2025-03-05 08:08:00,2025-03-05 22:53:00,5.28,0.93,14.75,MISSING_TXN_ID
T-100514,TXN9156013,FUL-DXB,Escalated??,21 Mar 2025 08:53,23/03/2025 05:50:46,82.15,63.08,2.91,,2025-03-21 08:53:00,2025-03-23 05:50:46,-19.07,-23.21,44.96,UNKNOWN_STATUS
T-100927,TXN2976966,FUL-DXB,Resolved,08/04/2025 13:19:00,08/04/2025 11:19:00,140.45,143.59,5.7,RESOLVED,2025-04-08 13:19:00,2025-04-08 11:19:00,3.14,2.24,-2.0,NEGATIVE_TURNAROUND
T-101063,,FUL-DXB,Resolved,14/04/2025 16:36:00,15/04/2025 10:03:28,794.82,773.62,19.73,RESOLVED,2025-04-14 16:36:00,2025-04-15 10:03:28,-21.2,-2.67,17.46,MISSING_TXN_ID
T-101233,,FIN-OPS,Resolved,22/04/2025 09:00:00,2025-04-24 02:58:17,80.71,79.9,1.08,RESOLVED,2025-04-22 09:00:00,2025-04-24 02:58:17,-0.81,-1.0,41.97,MISSING_TXN_ID
T-101542,,FUL-DXB,Resolved,02/05/2025 12:06,03 May 2025 10:55,244.24,244.28,10.65,RESOLVED,2025-05-02 12:06:00,2025-05-03 10:55:00,0.04,0.02,22.82,MISSING_TXN_ID
T-100583,TXN1103459,FIN-OPS,Resolved,26/03/2025 09:34:00,26-03-2025 07:34,353.33,356.43,4.89,RESOLVED,2025-03-26 09:34:00,2025-03-26 07:34:00,3.1,0.88,-2.0,NEGATIVE_TURNAROUND
T-100628,TXN2015941,FUL-DXB,Resolved,27/03/2025 18:23,2025-03-28 20:51:35,346.23,,13.51,RESOLVED,2025-03-27 18:23:00,2025-03-28 20:51:35,,,26.48,AMOUNT_NOT_NUMERIC
T-101480,TXN9833263,FIN-OPS,Resolved,01/05/2025 13:50:00,03/05/2025 07:29,975.14,,17.82,RESOLVED,2025-05-01 13:50:00,2025-05-03 07:29:00,,,41.65,AMOUNT_NOT_NUMERIC
T-102073,TXN7842557,CS-DXB,Resolved,31/02/2025 10:00,27/05/2025 08:05,55.28,55.91,1.09,RESOLVED,,2025-05-27 08:05:00,0.63,1.14,,UNPARSEABLE_OPENED_AT
T-101341,TXN6463904,PAY-OPS,Escalated??,25/04/2025 08:51:00,27/04/2025 04:51,493.83,488.7,10.29,,2025-04-25 08:51:00,2025-04-27 04:51:00,-5.13,-1.04,44.0,UNKNOWN_STATUS
T-102128,,FIN-OPS,Open,28-05-2025 08:03,,1090.43,1096.36,20.47,OPEN,2025-05-28 08:03:00,,5.93,0.54,,MISSING_TXN_ID
T-101518,TXN4023114,PAY-OPS,Resolved,02-05-2025 14:17,03/05/2025 10:41,256.39,,5.51,RESOLVED,2025-05-02 14:17:00,2025-05-03 10:41:00,,,20.4,AMOUNT_NOT_NUMERIC
T-101933,TXN6233045,CS-DXB,Resolved,31/02/2025 10:00,21-05-2025 15:04,199.45,198.94,3.56,RESOLVED,,2025-05-21 15:04:00,-0.51,-0.26,,UNPARSEABLE_OPENED_AT
T-101627,TXN2626610,CS-DXB,Resolved,07/05/2025 13:34,07/05/2025 11:34:00,140.48,137.95,3.53,RESOLVED,2025-05-07 13:34:00,2025-05-07 11:34:00,-2.53,-1.8,-2.0,NEGATIVE_TURNAROUND
T-100554,TXN2084693,FUL-RUH,Resolved,2025-03-24 14:55:00,26/03/2025 05:27,174.9,173.0,6.88,RESOLVED,2025-03-24 14:55:00,2025-03-26 05:27:00,-1.9,-1.09,38.53,DUPLICATE_TICKET
T-101996,TXN6473225,FUL-DXB,Resolved,21/05/2025 16:22:00,21-05-2025 14:22,237.32,238.64,4.65,RESOLVED,2025-05-21 16:22:00,2025-05-21 14:22:00,1.32,0.56,-2.0,NEGATIVE_TURNAROUND
T-100901,TXN4503000,FIN-OPS,Resolved,08-04-2025 15:31,2025-04-08 13:31:00,1478.87,1489.8,20.78,RESOLVED,2025-04-08 15:31:00,2025-04-08 13:31:00,10.93,0.74,-2.0,NEGATIVE_TURNAROUND
T-101529,,CS-AUH,Resolved,02/05/2025 09:48:00,02/05/2025 18:05,225.47,226.66,4.36,RESOLVED,2025-05-02 09:48:00,2025-05-02 18:05:00,1.19,0.53,8.28,MISSING_TXN_ID
,TXN2797402,CS-AUH,Resolved,11-04-2025 10:35,11-04-2025 16:58,789.59,789.72,8.31,RESOLVED,2025-04-11 10:35:00,2025-04-11 16:58:00,0.13,0.02,6.38,MISSING_TICKET_REF
T-101804,TXN4414728,PAY-OPS,Resolved,14-05-2025 18:02,14 May 2025 16:02,525.02,522.12,7.19,RESOLVED,2025-05-14 18:02:00,2025-05-14 16:02:00,-2.9,-0.55,-2.0,NEGATIVE_TURNAROUND
T-101954,TXN7698230,FUL-RUH,Resolved,20/05/2025 12:30:00,20/05/2025 10:30,143.77,146.06,2.93,RESOLVED,2025-05-20 12:30:00,2025-05-20 10:30:00,2.29,1.59,-2.0,NEGATIVE_TURNAROUND
,TXN1066856,FUL-RUH,Open,30/05/2025 17:03,,656.24,654.27,23.86,OPEN,2025-05-30 17:03:00,,-1.97,-0.3,,MISSING_TICKET_REF
T-102128,,FIN-OPS,Open,28-05-2025 08:03,,1090.43,1096.36,20.47,OPEN,2025-05-28 08:03:00,,5.93,0.54,,MISSING_TXN_ID|DUPLICATE_TICKET
T-101004,,FIN-OPS,Resolved,11-04-2025 13:52,2025-04-12 23:33:12,288.51,287.32,3.35,RESOLVED,2025-04-11 13:52:00,2025-04-12 23:33:12,-1.19,-0.41,33.69,MISSING_TXN_ID
,TXN6465631,CS-DXB,Resolved,2025-05-14 14:59:00,2025-05-15 15:53:05,119.11,116.87,1.8,RESOLVED,2025-05-14 14:59:00,2025-05-15 15:53:05,-2.24,-1.88,24.9,MISSING_TICKET_REF
T-100268,TXN7664026,CS-DXB,Resolved,12-03-2025 09:18,12-03-2025 22:56,455.07,,11.66,RESOLVED,2025-03-12 09:18:00,2025-03-12 22:56:00,,,13.63,AMOUNT_NOT_NUMERIC
T-101034,TXN5045721,FUL-RUH,Resolved,11-04-2025 15:42,12/04/2025 22:02,422.02,,10.24,RESOLVED,2025-04-11 15:42:00,2025-04-12 22:02:00,,,30.33,AMOUNT_NOT_NUMERIC
T-100296,,CS-DXB,Open,13/03/2025 16:17,,977.37,967.76,20.76,OPEN,2025-03-13 16:17:00,,-9.61,-0.98,,MISSING_TXN_ID
,TXN5114030,CS-AUH,Resolved,21-05-2025 07:34,2025-05-22 10:35:19,1324.5,1340.92,25.06,RESOLVED,2025-05-21 07:34:00,2025-05-22 10:35:19,16.42,1.24,27.02,MISSING_TICKET_REF
T-101995,TXN6444439,FUL-DXB,Resolved,21/05/2025 10:27,22 May 2025 22:34,799.25,,33.1,RESOLVED,2025-05-21 10:27:00,2025-05-22 22:34:00,,,36.12,AMOUNT_NOT_NUMERIC
T-100338,TXN1894425,CS-DXB,Escalated??,14/03/2025 18:30:00,15/03/2025 12:45:19,53.19,54.4,1.12,,2025-03-14 18:30:00,2025-03-15 12:45:19,1.21,2.27,18.26,UNKNOWN_STATUS
T-100790,TXN8547332,FUL-RUH,Resolved,03-04-2025 16:13,2025-04-03 14:13:00,2126.64,2134.36,85.79,RESOLVED,2025-04-03 16:13:00,2025-04-03 14:13:00,7.72,0.36,-2.0,NEGATIVE_TURNAROUND
