exception_id,txn_ref,triage_tag,variance_aed,resolution_owner,opened_date,detected_date,resolved_at_gst,clearance_hours
EXC-8000,TX2400001,TIMING_MISMATCH_TIMEZONE,0.0,finance-ops-recon,2024-12-03,2024-12-03 10:00:00,2024-12-03 10:03:09.797307307,0.05
EXC-8001,TX2400018,TIMING_MISMATCH_TIMEZONE,0.0,finance-ops-recon,2024-12-31,2024-12-31 10:00:00,2024-12-31 10:14:31.025952071,0.24
EXC-8002,TX2400061,TIMING_MISMATCH_TIMEZONE,0.0,finance-ops-recon,2024-12-06,2024-12-06 10:00:00,2024-12-06 10:17:39.662601108,0.29
EXC-8003,TX2400102,TIMING_MISMATCH_TIMEZONE,0.0,finance-ops-recon,2024-12-18,2024-12-18 10:00:00,2024-12-18 10:10:21.204048186,0.17
EXC-8004,TX2400114,TIMING_MISMATCH_TIMEZONE,0.0,finance-ops-recon,2024-12-23,2024-12-23 10:00:00,2024-12-23 10:24:00.005043683,0.4
EXC-8005,TX2400243,FEE_VARIANCE_BREACH,-1.18,payments-partnerships,2024-12-18,2024-12-18 10:00:00,2024-12-20 07:09:39.790603222,45.16
EXC-8006,TX2400275,ORPHANED_GATEWAY_RECORD,278.05,finance-ops-recon,2024-12-23,2024-12-23 10:00:00,2024-12-23 17:39:07.152093206,7.65
EXC-8007,TX2400306,FEE_VARIANCE_BREACH,-0.74,payments-partnerships,2024-12-09,2024-12-09 10:00:00,2024-12-17 13:21:26.073195994,147.36
EXC-8008,TX2400458,ORPHANED_GATEWAY_RECORD,258.52,finance-ops-recon,2024-12-09,2024-12-09 10:00:00,2024-12-11 04:35:31.468874724,42.59
EXC-8009,TX2400465,FEE_VARIANCE_BREACH,-2.3,payments-partnerships,2024-12-16,2024-12-16 10:00:00,2024-12-23 07:09:21.332508767,117.16
EXC-8010,TX2400507,ORPHANED_GATEWAY_RECORD,111.21,finance-ops-recon,2024-12-13,2024-12-13 10:00:00,2024-12-16 21:22:50.559964560,35.38
EXC-8011,TX2400511,ORPHANED_LEDGER_RECORD,-385.84,revenue-accounting,2024-12-18,2024-12-18 10:00:00,2024-12-20 01:09:09.186880935,39.15
EXC-8012,TX2400555,ORPHANED_LEDGER_RECORD,-446.6,revenue-accounting,2024-12-16,2024-12-16 10:00:00,2024-12-19 09:58:36.571691458,71.98
EXC-8013,TX2400566,TIMING_MISMATCH_TIMEZONE,0.0,finance-ops-recon,2024-12-23,2024-12-23 10:00:00,2024-12-23 10:20:31.068044348,0.34
EXC-8014,TX2400765,TIMING_MISMATCH_TIMEZONE,0.0,finance-ops-recon,2024-12-03,2024-12-03 10:00:00,2024-12-03 10:12:27.053294863,0.21
EXC-8015,TX2400814,ORPHANED_GATEWAY_RECORD,952.48,finance-ops-recon,2024-12-04,2024-12-04 10:00:00,2024-12-04 21:20:01.366480466,11.33
EXC-8016,TX2400817,ORPHANED_GATEWAY_RECORD,641.43,finance-ops-recon,2024-12-13,2024-12-13 10:00:00,2024-12-16 20:47:46.914269528,34.8
EXC-8017,TX2400982,TIMING_MISMATCH_TIMEZONE,0.0,finance-ops-recon,2024-12-30,2024-12-30 10:00:00,2024-12-30 10:21:04.978722904,0.35
EXC-8018,TX2401139,FEE_VARIANCE_BREACH,-5.27,payments-partnerships,2024-12-23,2024-12-23 10:00:00,2024-12-26 01:35:59.309383647,63.6
EXC-8019,TX2401189,ORPHANED_LEDGER_RECORD,-339.23,revenue-accounting,2024-12-09,2024-12-09 10:00:00,2024-12-11 16:06:52.950794947,54.11
EXC-8020,TX2401270,TIMING_MISMATCH_TIMEZONE,0.0,finance-ops-recon,2024-12-19,2024-12-19 10:00:00,2024-12-19 10:09:42.477505993,0.16
EXC-8021,TX2401306,TIMING_MISMATCH_TIMEZONE,0.0,finance-ops-recon,2024-12-04,2024-12-04 10:00:00,2024-12-04 10:10:15.635045877,0.17
EXC-8022,TX2401326,TIMING_MISMATCH_TIMEZONE,0.0,finance-ops-recon,2024-12-27,2024-12-27 10:00:00,2024-12-27 10:08:11.151477175,0.14
EXC-8023,TX2401328,ORPHANED_GATEWAY_RECORD,114.03,finance-ops-recon,2024-12-16,2024-12-16 10:00:00,2024-12-16 19:49:53.214556420,9.83
EXC-8024,TX2401365,TIMING_MISMATCH_TIMEZONE,0.0,finance-ops-recon,2024-12-23,2024-12-23 10:00:00,2024-12-23 10:03:00.000000000,0.05
EXC-8025,TX2401377,TIMING_MISMATCH_TIMEZONE,0.0,finance-ops-recon,2025-01-01,2025-01-01 10:00:00,2025-01-01 10:13:43.049256456,0.23
EXC-8026,TX2401382,TIMING_MISMATCH_TIMEZONE,0.0,finance-ops-recon,2024-12-24,2024-12-24 10:00:00,2024-12-24 10:17:59.087133270,0.3
EXC-8027,TX2401409,TIMING_MISMATCH_TIMEZONE,0.0,finance-ops-recon,2024-12-03,2024-12-03 10:00:00,2024-12-03 10:10:13.044299681,0.17
EXC-8028,TX2401432,FEE_VARIANCE_BREACH,-2.59,payments-partnerships,2024-12-30,2024-12-30 10:00:00,2025-01-03 17:03:28.667056484,103.06
EXC-8029,TX2401436,FEE_VARIANCE_BREACH,-2.28,payments-partnerships,2024-12-30,2024-12-30 10:00:00,2025-01-03 18:47:19.431732450,104.79
EXC-8030,TX2401449,FEE_VARIANCE_BREACH,-10.33,payments-partnerships,2024-12-25,2024-12-25 10:00:00,2024-12-30 15:21:45.275745779,77.36
EXC-8031,TX2401501,UNCLASSIFIED_VARIANCE,-3.0,recon-lead,2024-12-09,2024-12-09 10:00:00,2024-12-11 11:35:07.784463845,49.59
EXC-8032,TX2401574,FEE_VARIANCE_BREACH,-0.72,payments-partnerships,2024-12-26,2024-12-26 10:00:00,2024-12-30 22:56:31.691494322,60.94
EXC-8033,TX2401623,FEE_VARIANCE_BREACH,-1.13,payments-partnerships,2024-12-30,2024-12-30 10:00:00,2025-01-03 08:16:28.832503198,94.27
EXC-8034,TX2401633,FEE_VARIANCE_BREACH,-1.9,payments-partnerships,2024-12-16,2024-12-16 10:00:00,2024-12-19 17:12:48.290871810,79.21
EXC-8035,TX2401640,TIMING_MISMATCH_TIMEZONE,0.0,finance-ops-recon,2024-12-05,2024-12-05 10:00:00,2024-12-05 10:15:01.571076539,0.25
EXC-8036,TX2401671,TIMING_MISMATCH_TIMEZONE,0.0,finance-ops-recon,2024-12-23,2024-12-23 10:00:00,2024-12-23 10:11:06.486694023,0.19
EXC-8037,TX2401701,TIMING_MISMATCH_TIMEZONE,0.0,finance-ops-recon,2024-12-31,2024-12-31 10:00:00,2024-12-31 10:05:55.579154805,0.1
EXC-8038,TX2401713,ORPHANED_GATEWAY_RECORD,52.38,finance-ops-recon,2024-12-11,2024-12-11 10:00:00,2024-12-13 00:38:57.642466132,38.65
EXC-8039,TX2401806,TIMING_MISMATCH_TIMEZONE,0.0,finance-ops-recon,2024-12-16,2024-12-16 10:00:00,2024-12-16 10:20:40.464140742,0.34
EXC-8040,TX2401855,TIMING_MISMATCH_TIMEZONE,0.0,finance-ops-recon,2024-12-12,2024-12-12 10:00:00,2024-12-12 10:08:50.478680532,0.15
EXC-8041,TX2401918,TIMING_MISMATCH_TIMEZONE,0.0,finance-ops-recon,2025-01-01,2025-01-01 10:00:00,2025-01-01 10:03:00.000000000,0.05
EXC-8042,TX2402016,ORPHANED_LEDGER_RECORD,-95.05,revenue-accounting,2024-12-16,2024-12-16 10:00:00,2024-12-19 20:50:42.181012528,82.85
EXC-8043,TX2402065,TIMING_MISMATCH_TIMEZONE,0.0,finance-ops-recon,2024-12-19,2024-12-19 10:00:00,2024-12-19 10:09:49.942156241,0.16
EXC-8044,TX2402081,TIMING_MISMATCH_TIMEZONE,0.0,finance-ops-recon,2024-12-23,2024-12-23 10:00:00,2024-12-23 10:08:53.438561838,0.15
EXC-8045,TX2402096,TIMING_MISMATCH_TIMEZONE,0.01,finance-ops-recon,2024-12-23,2024-12-23 10:00:00,2024-12-23 10:09:49.801345995,0.16
EXC-8046,TX2402100,TIMING_MISMATCH_TIMEZONE,0.0,finance-ops-recon,2024-12-11,2024-12-11 10:00:00,2024-12-11 10:15:21.034308408,0.26
EXC-8047,TX2402202,UNCLASSIFIED_VARIANCE,-3.0,recon-lead,2024-12-05,2024-12-05 10:00:00,2024-12-06 14:47:29.719538031,28.79
EXC-8048,TX2402215,TIMING_MISMATCH_TIMEZONE,0.0,finance-ops-recon,2024-12-16,2024-12-16 10:00:00,2024-12-16 10:08:20.732684295,0.14
EXC-8049,TX2402324,TIMING_MISMATCH_TIMEZONE,0.0,finance-ops-recon,2025-01-03,2025-01-03 10:00:00,2025-01-03 10:13:23.852506658,0.22
EXC-8050,TX2402382,TIMING_MISMATCH_TIMEZONE,0.0,finance-ops-recon,2025-01-02,2025-01-02 10:00:00,2025-01-02 10:14:20.181124459,0.24
EXC-8051,TX2402410,TIMING_MISMATCH_TIMEZONE,0.0,finance-ops-recon,2024-12-31,2024-12-31 10:00:00,2024-12-31 10:03:30.340838944,0.06
EXC-8052,TX2402430,TIMING_MISMATCH_TIMEZONE,0.0,finance-ops-recon,2024-12-23,2024-12-23 10:00:00,2024-12-23 10:05:15.395438971,0.09
EXC-8053,TX2402531,TIMING_MISMATCH_TIMEZONE,0.0,finance-ops-recon,2024-12-18,2024-12-18 10:00:00,2024-12-18 10:09:24.204444517,0.16
EXC-8054,TX2402555,TIMING_MISMATCH_TIMEZONE,0.0,finance-ops-recon,2024-12-04,2024-12-04 10:00:00,2024-12-04 10:09:32.629321776,0.16
EXC-8055,TX2402591,FEE_VARIANCE_BREACH,-0.59,payments-partnerships,2024-12-09,2024-12-09 10:00:00,2024-12-12 01:46:21.517763758,63.77
EXC-8056,TX2402602,TIMING_MISMATCH_TIMEZONE,0.0,finance-ops-recon,2025-01-01,2025-01-01 10:00:00,2025-01-01 10:16:23.604186396,0.27
EXC-8057,TX2402716,ORPHANED_LEDGER_RECORD,-902.26,revenue-accounting,2024-12-16,2024-12-16 10:00:00,2024-12-17 23:17:01.412273245,37.28
EXC-8058,TX2402722,TIMING_MISMATCH_TIMEZONE,0.0,finance-ops-recon,2024-12-06,2024-12-06 10:00:00,2024-12-06 10:20:31.763563891,0.34
EXC-8059,TX2402770,TIMING_MISMATCH_TIMEZONE,0.0,finance-ops-recon,2024-12-18,2024-12-18 10:00:00,2024-12-18 10:12:08.846382482,0.2
EXC-8060,TX2402817,TIMING_MISMATCH_TIMEZONE,0.0,finance-ops-recon,2024-12-27,2024-12-27 10:00:00,2024-12-27 10:15:46.043797189,0.26
EXC-8061,TX2402823,FEE_VARIANCE_BREACH,-8.26,payments-partnerships,2024-12-16,2024-12-16 10:00:00,2024-12-18 07:03:09.776316388,45.05
EXC-8062,TX2402841,ORPHANED_LEDGER_RECORD,-337.78,revenue-accounting,2024-12-09,2024-12-09 10:00:00,2024-12-11 03:06:49.394898300,41.11
EXC-8063,TX2402874,FEE_VARIANCE_BREACH,-2.77,payments-partnerships,2024-12-23,2024-12-23 10:00:00,2024-12-27 19:41:58.656643271,105.7
EXC-8064,TX2402909,UNCLASSIFIED_VARIANCE,-3.0,recon-lead,2024-12-20,2024-12-20 10:00:00,2024-12-24 19:03:55.252055156,57.07
EXC-8065,TX2402917,FEE_VARIANCE_BREACH,-1.08,payments-partnerships,2024-12-04,2024-12-04 10:00:00,2024-12-11 10:31:12.325268681,120.52
EXC-8066,TX2402953,TIMING_MISMATCH_TIMEZONE,0.0,finance-ops-recon,2025-01-02,2025-01-02 10:00:00,2025-01-02 10:05:26.221898233,0.09
EXC-8067,TX2402999,TIMING_MISMATCH_TIMEZONE,0.0,finance-ops-recon,2024-12-23,2024-12-23 10:00:00,2024-12-23 10:05:31.291019621,0.09
EXC-8068,TX2403009,ORPHANED_GATEWAY_RECORD,136.75,finance-ops-recon,2024-12-23,2024-12-23 10:00:00,2024-12-24 12:11:12.987389331,26.19
EXC-8069,TX2403089,TIMING_MISMATCH_TIMEZONE,0.0,finance-ops-recon,2024-12-30,2024-12-30 10:00:00,2024-12-30 10:11:45.107938621,0.2
EXC-8070,TX2403258,FEE_VARIANCE_BREACH,-0.94,payments-partnerships,2024-12-12,2024-12-12 10:00:00,2024-12-12 10:03:00.000000000,0.05
EXC-8071,TX2403293,UNCLASSIFIED_VARIANCE,-7.5,recon-lead,2024-12-10,2024-12-10 10:00:00,2024-12-11 08:37:10.898795149,22.62
EXC-8072,TX2403308,TIMING_MISMATCH_TIMEZONE,0.0,finance-ops-recon,2024-12-11,2024-12-11 10:00:00,2024-12-11 10:10:55.006307568,0.18
EXC-8073,TX2403390,ORPHANED_LEDGER_RECORD,-356.99,revenue-accounting,2024-12-18,2024-12-18 10:00:00,2024-12-20 18:48:55.602508759,56.82
EXC-8074,TX2403415,FEE_VARIANCE_BREACH,-2.58,payments-partnerships,2025-01-02,2025-01-02 10:00:00,,
EXC-8075,TX2403463,ORPHANED_GATEWAY_RECORD,41.79,finance-ops-recon,2024-12-11,2024-12-11 10:00:00,2024-12-12 12:56:15.739371466,26.94
EXC-8076,TX2403475,TIMING_MISMATCH_TIMEZONE,0.0,finance-ops-recon,2024-12-10,2024-12-10 10:00:00,2024-12-10 10:10:39.631205695,0.18
EXC-8077,TX2403515,TIMING_MISMATCH_TIMEZONE,0.0,finance-ops-recon,2024-12-23,2024-12-23 10:00:00,2024-12-23 10:11:58.240776596,0.2
EXC-8078,TX2403572,TIMING_MISMATCH_TIMEZONE,0.0,finance-ops-recon,2024-12-16,2024-12-16 10:00:00,2024-12-16 10:08:15.436309136,0.14
EXC-8079,TX2403622,UNCLASSIFIED_VARIANCE,-12.0,recon-lead,2024-12-16,2024-12-16 10:00:00,2024-12-17 20:53:56.860930862,34.9
EXC-8080,TX2403625,TIMING_MISMATCH_TIMEZONE,0.0,finance-ops-recon,2024-12-26,2024-12-26 10:00:00,2024-12-26 10:15:45.418616616,0.26
EXC-8081,TX2403659,FEE_VARIANCE_BREACH,-0.83,payments-partnerships,2024-12-23,2024-12-23 10:00:00,2024-12-25 19:12:53.301532152,57.21
EXC-8082,TX2403739,TIMING_MISMATCH_TIMEZONE,0.0,finance-ops-recon,2024-12-23,2024-12-23 10:00:00,2024-12-23 10:06:30.592266585,0.11
EXC-8083,TX2403746,FEE_VARIANCE_BREACH,-2.56,payments-partnerships,2024-12-24,2024-12-24 10:00:00,2024-12-31 11:43:33.307811110,121.73
EXC-8084,TX2403773,TIMING_MISMATCH_TIMEZONE,0.0,finance-ops-recon,2024-12-18,2024-12-18 10:00:00,2024-12-18 10:20:34.684128267,0.34
EXC-8085,TX2403875,TIMING_MISMATCH_TIMEZONE,0.0,finance-ops-recon,2024-12-09,2024-12-09 10:00:00,2024-12-09 10:16:03.297022073,0.27
EXC-8086,TX2403876,TIMING_MISMATCH_TIMEZONE,0.0,finance-ops-recon,2024-12-11,2024-12-11 10:00:00,2024-12-11 10:20:11.950549285,0.34
EXC-8087,TX2403886,ORPHANED_GATEWAY_RECORD,669.96,finance-ops-recon,2024-12-16,2024-12-16 10:00:00,2024-12-18 12:39:34.973314585,50.66
EXC-8088,TX2403893,TIMING_MISMATCH_TIMEZONE,0.0,finance-ops-recon,2024-12-24,2024-12-24 10:00:00,2024-12-24 10:09:10.852173923,0.15
EXC-8089,TX2403917,TIMING_MISMATCH_TIMEZONE,0.0,finance-ops-recon,2024-12-16,2024-12-16 10:00:00,2024-12-16 10:20:55.357929561,0.35
EXC-8090,TX2404033,ORPHANED_GATEWAY_RECORD,80.35,finance-ops-recon,2024-12-03,2024-12-03 10:00:00,2024-12-04 22:13:35.103174475,36.23
EXC-8091,TX2404057,ORPHANED_GATEWAY_RECORD,37.18,finance-ops-recon,2024-12-16,2024-12-16 10:00:00,2024-12-16 13:01:52.256715298,3.03
EXC-8092,TX2404097,TIMING_MISMATCH_TIMEZONE,0.0,finance-ops-recon,2024-12-30,2024-12-30 10:00:00,2024-12-30 10:11:46.966282870,0.2
EXC-8093,TX2404176,TIMING_MISMATCH_TIMEZONE,0.0,finance-ops-recon,2024-12-09,2024-12-09 10:00:00,2024-12-09 10:14:59.334973052,0.25
EXC-8094,TX2404339,ORPHANED_GATEWAY_RECORD,379.56,finance-ops-recon,2024-12-23,2024-12-23 10:00:00,2024-12-25 03:07:34.960901140,41.13
EXC-8095,TX2404381,TIMING_MISMATCH_TIMEZONE,0.0,finance-ops-recon,2024-12-31,2024-12-31 10:00:00,2024-12-31 10:13:13.821213544,0.22
EXC-8096,TX2404497,TIMING_MISMATCH_TIMEZONE,0.0,finance-ops-recon,2024-12-16,2024-12-16 10:00:00,2024-12-16 10:12:17.000475613,0.2
EXC-8097,TX2404504,TIMING_MISMATCH_TIMEZONE,0.0,finance-ops-recon,2024-12-03,2024-12-03 10:00:00,2024-12-03 10:22:28.720894158,0.37
EXC-8098,TX2404574,ORPHANED_LEDGER_RECORD,-120.02,revenue-accounting,2024-12-23,2024-12-23 10:00:00,2024-12-24 07:01:19.287001285,21.02
EXC-8099,TX2404587,TIMING_MISMATCH_TIMEZONE,0.0,finance-ops-recon,2024-12-23,2024-12-23 10:00:00,2024-12-23 10:05:50.187920303,0.1
EXC-8100,TX2404588,TIMING_MISMATCH_TIMEZONE,0.0,finance-ops-recon,2024-12-26,2024-12-26 10:00:00,2024-12-26 10:03:00.000000000,0.05
EXC-8101,TX2404645,TIMING_MISMATCH_TIMEZONE,0.0,finance-ops-recon,2024-12-09,2024-12-09 10:00:00,2024-12-09 10:07:29.328218706,0.12
EXC-8102,TX2404670,TIMING_MISMATCH_TIMEZONE,0.0,finance-ops-recon,2024-12-04,2024-12-04 10:00:00,2024-12-04 10:08:15.706110987,0.14
EXC-8103,TX2404674,ORPHANED_GATEWAY_RECORD,1074.17,finance-ops-recon,2024-12-06,2024-12-06 10:00:00,2024-12-09 22:52:13.618587164,36.87
EXC-8104,TX2404694,TIMING_MISMATCH_TIMEZONE,0.0,finance-ops-recon,2024-12-26,2024-12-26 10:00:00,2024-12-26 10:03:00.000000000,0.05
EXC-8105,TX2404789,ORPHANED_LEDGER_RECORD,-266.88,revenue-accounting,2024-12-19,2024-12-19 10:00:00,2024-12-23 05:39:37.849993326,43.66
EXC-8106,TX2404792,ORPHANED_GATEWAY_RECORD,633.7,finance-ops-recon,2024-12-20,2024-12-20 10:00:00,2024-12-23 03:17:47.804760629,17.3
EXC-8107,TX2404797,FEE_VARIANCE_BREACH,-0.64,payments-partnerships,2024-12-17,2024-12-17 10:00:00,2024-12-23 16:38:11.219281245,102.64
EXC-8108,TX2404818,ORPHANED_LEDGER_RECORD,-246.43,revenue-accounting,2024-12-10,2024-12-10 10:00:00,2024-12-13 20:19:32.100208081,82.33
EXC-8109,TX2404820,TIMING_MISMATCH_TIMEZONE,0.0,finance-ops-recon,2024-12-04,2024-12-04 10:00:00,2024-12-04 10:08:10.285883022,0.14
EXC-8110,TX2404836,TIMING_MISMATCH_TIMEZONE,0.0,finance-ops-recon,2024-12-16,2024-12-16 10:00:00,2024-12-16 10:13:36.459625163,0.23
EXC-8111,TX2404860,ORPHANED_GATEWAY_RECORD,200.61,finance-ops-recon,2024-12-03,2024-12-03 10:00:00,2024-12-04 23:43:40.468893269,37.73
EXC-8112,TX2404881,TIMING_MISMATCH_TIMEZONE,0.0,finance-ops-recon,2024-12-06,2024-12-06 10:00:00,2024-12-06 10:03:17.051758604,0.05
EXC-8113,TX2404943,TIMING_MISMATCH_TIMEZONE,0.0,finance-ops-recon,2024-12-26,2024-12-26 10:00:00,2024-12-26 10:13:04.743572390,0.22
EXC-8114,TX2404951,FEE_VARIANCE_BREACH,-0.75,payments-partnerships,2024-12-16,2024-12-16 10:00:00,2024-12-19 21:33:42.297757074,83.56
EXC-8115,TX2404982,ORPHANED_LEDGER_RECORD,-753.38,revenue-accounting,2024-12-16,2024-12-16 10:00:00,2024-12-18 20:23:29.105280740,58.39
EXC-8116,TX2405026,TIMING_MISMATCH_TIMEZONE,0.0,finance-ops-recon,2024-12-16,2024-12-16 10:00:00,2024-12-16 10:17:45.226731665,0.3
EXC-8117,TX2405086,TIMING_MISMATCH_TIMEZONE,0.0,finance-ops-recon,2024-12-05,2024-12-05 10:00:00,2024-12-05 10:18:12.440950836,0.3
EXC-8118,TX2405104,FEE_VARIANCE_BREACH,-0.69,payments-partnerships,2025-01-01,2025-01-01 10:00:00,,
EXC-8119,TX2405113,TIMING_MISMATCH_TIMEZONE,0.0,finance-ops-recon,2024-12-09,2024-12-09 10:00:00,2024-12-09 10:11:18.639138321,0.19
EXC-8120,TX2405141,TIMING_MISMATCH_TIMEZONE,0.0,finance-ops-recon,2024-12-18,2024-12-18 10:00:00,2024-12-18 10:22:03.884913098,0.37
EXC-8121,TX2405161,TIMING_MISMATCH_TIMEZONE,0.0,finance-ops-recon,2024-12-30,2024-12-30 10:00:00,2024-12-30 10:12:16.666663596,0.2
EXC-8122,TX2405216,TIMING_MISMATCH_TIMEZONE,0.0,finance-ops-recon,2024-12-06,2024-12-06 10:00:00,2024-12-06 10:17:42.815084337,0.3
EXC-8123,TX2405237,TIMING_MISMATCH_TIMEZONE,0.0,finance-ops-recon,2024-12-10,2024-12-10 10:00:00,2024-12-10 10:15:37.612242365,0.26
EXC-8124,TX2405258,ORPHANED_GATEWAY_RECORD,177.01,finance-ops-recon,2025-01-01,2025-01-01 10:00:00,2025-01-02 08:26:49.885518937,22.45
EXC-8125,TX2405260,FEE_VARIANCE_BREACH,-1.69,payments-partnerships,2024-12-25,2024-12-25 10:00:00,2025-01-01 12:48:16.912487775,122.8
EXC-8126,TX2405281,FEE_VARIANCE_BREACH,-9.98,payments-partnerships,2024-12-17,2024-12-17 10:00:00,2024-12-19 16:54:44.228787699,54.91
EXC-8127,TX2405332,ORPHANED_LEDGER_RECORD,-121.62,revenue-accounting,2024-12-19,2024-12-19 10:00:00,2024-12-19 18:34:55.170535990,8.58
EXC-8128,TX2405359,TIMING_MISMATCH_TIMEZONE,0.0,finance-ops-recon,2024-12-26,2024-12-26 10:00:00,2024-12-26 10:15:09.275895790,0.25
EXC-8129,TX2405370,TIMING_MISMATCH_TIMEZONE,-0.01,finance-ops-recon,2024-12-20,2024-12-20 10:00:00,2024-12-20 10:22:58.998042236,0.38
EXC-8130,TX2405419,ORPHANED_LEDGER_RECORD,-207.5,revenue-accounting,2024-12-13,2024-12-13 10:00:00,2024-12-17 11:18:12.838432518,49.3
EXC-8131,TX2405440,TIMING_MISMATCH_TIMEZONE,0.0,finance-ops-recon,2024-12-20,2024-12-20 10:00:00,2024-12-20 10:09:45.964796590,0.16
EXC-8132,TX2405452,TIMING_MISMATCH_TIMEZONE,0.0,finance-ops-recon,2024-12-23,2024-12-23 10:00:00,2024-12-23 10:28:27.115395310,0.47
EXC-8133,TX2405531,ORPHANED_GATEWAY_RECORD,146.47,finance-ops-recon,2024-12-13,2024-12-13 10:00:00,2024-12-16 12:12:12.220500154,26.2
EXC-8134,TX2405581,ORPHANED_LEDGER_RECORD,-278.9,revenue-accounting,2024-12-12,2024-12-12 10:00:00,2024-12-13 12:35:06.452286995,26.59
EXC-8135,TX2405587,TIMING_MISMATCH_TIMEZONE,0.0,finance-ops-recon,2024-12-13,2024-12-13 10:00:00,2024-12-13 10:19:17.797997212,0.32
EXC-8136,TX2405669,FEE_VARIANCE_BREACH,-0.54,payments-partnerships,2024-12-20,2024-12-20 10:00:00,2024-12-26 11:29:55.839774149,97.5
EXC-8137,TX2405719,FEE_VARIANCE_BREACH,-1.16,payments-partnerships,2024-12-30,2024-12-30 10:00:00,2024-12-31 13:23:01.557137536,27.38
EXC-8138,TX2405769,TIMING_MISMATCH_TIMEZONE,0.0,finance-ops-recon,2024-12-27,2024-12-27 10:00:00,2024-12-27 10:17:37.866702898,0.29
EXC-8139,TX2405802,ORPHANED_LEDGER_RECORD,-487.82,revenue-accounting,2024-12-09,2024-12-09 10:00:00,2024-12-12 11:27:28.781785256,73.46
EXC-8140,TX2405815,ORPHANED_GATEWAY_RECORD,282.83,finance-ops-recon,2024-12-20,2024-12-20 10:00:00,2024-12-24 05:40:46.688354650,43.68
EXC-8141,TX2405824,FEE_VARIANCE_BREACH,-1.42,payments-partnerships,2024-12-26,2024-12-26 10:00:00,2025-01-03 15:45:51.897104284,149.76
EXC-8142,TX2405825,FEE_VARIANCE_BREACH,-1.99,payments-partnerships,2024-12-30,2024-12-30 10:00:00,2025-01-03 15:18:38.041996435,101.31
EXC-8143,TX2405975,ORPHANED_GATEWAY_RECORD,109.1,finance-ops-recon,2024-12-12,2024-12-12 10:00:00,2024-12-13 03:01:51.525045728,17.03
EXC-8144,TX2405994,TIMING_MISMATCH_TIMEZONE,0.0,finance-ops-recon,2024-12-10,2024-12-10 10:00:00,2024-12-10 10:06:25.054189686,0.11
EXC-8145,TX2406020,UNCLASSIFIED_VARIANCE,-12.0,recon-lead,2024-12-26,2024-12-26 10:00:00,2024-12-30 05:04:17.995240845,43.07
EXC-8146,TX2406037,TIMING_MISMATCH_TIMEZONE,0.0,finance-ops-recon,2024-12-24,2024-12-24 10:00:00,2024-12-24 10:09:57.801178175,0.17
EXC-8147,TX2406054,UNCLASSIFIED_VARIANCE,-7.49,recon-lead,2024-12-25,2024-12-25 10:00:00,2024-12-25 20:06:53.776306508,10.11
EXC-8148,TX2406114,FEE_VARIANCE_BREACH,-1.63,payments-partnerships,2025-01-01,2025-01-01 10:00:00,2025-01-03 12:05:05.805533348,50.08
EXC-8149,TX2406172,ORPHANED_LEDGER_RECORD,-297.1,revenue-accounting,2024-12-06,2024-12-06 10:00:00,2024-12-11 12:56:05.855299948,74.93
EXC-8150,TX2406183,TIMING_MISMATCH_TIMEZONE,0.0,finance-ops-recon,2024-12-05,2024-12-05 10:00:00,2024-12-05 10:03:00.000000000,0.05
EXC-8151,TX2406236,FEE_VARIANCE_BREACH,-0.8,payments-partnerships,2024-12-24,2024-12-24 10:00:00,2024-12-30 01:57:01.351429409,87.95
EXC-8152,TX2406249,TIMING_MISMATCH_TIMEZONE,0.0,finance-ops-recon,2024-12-18,2024-12-18 10:00:00,2024-12-18 10:03:24.314398021,0.06
EXC-8153,TX2406253,TIMING_MISMATCH_TIMEZONE,0.0,finance-ops-recon,2024-12-26,2024-12-26 10:00:00,2024-12-26 10:03:00.000000000,0.05
EXC-8154,TX2406320,UNCLASSIFIED_VARIANCE,-3.0,recon-lead,2024-12-23,2024-12-23 10:00:00,2024-12-24 17:40:34.686595197,31.68
EXC-8155,TX2406323,ORPHANED_LEDGER_RECORD,-347.11,revenue-accounting,2024-12-18,2024-12-18 10:00:00,2024-12-23 05:02:56.877201551,67.05
EXC-8156,TX2406338,ORPHANED_LEDGER_RECORD,-373.9,revenue-accounting,2024-12-09,2024-12-09 10:00:00,2024-12-11 04:55:29.810612319,42.92
EXC-8157,TX2406427,FEE_VARIANCE_BREACH,-1.23,payments-partnerships,2024-12-23,2024-12-23 10:00:00,2024-12-26 22:36:33.505425713,84.61
EXC-8158,TX2406519,TIMING_MISMATCH_TIMEZONE,0.0,finance-ops-recon,2025-01-02,2025-01-02 10:00:00,2025-01-02 10:13:55.980597831,0.23
EXC-8159,TX2406541,TIMING_MISMATCH_TIMEZONE,0.0,finance-ops-recon,2025-01-01,2025-01-01 10:00:00,2025-01-01 10:12:04.495769818,0.2
EXC-8160,TX2406607,TIMING_MISMATCH_TIMEZONE,0.0,finance-ops-recon,2024-12-23,2024-12-23 10:00:00,2024-12-23 10:12:02.069551020,0.2
EXC-8161,TX2406651,TIMING_MISMATCH_TIMEZONE,0.0,finance-ops-recon,2024-12-24,2024-12-24 10:00:00,2024-12-24 10:20:39.876130411,0.34
EXC-8162,TX2406733,ORPHANED_GATEWAY_RECORD,200.31,finance-ops-recon,2024-12-23,2024-12-23 10:00:00,2024-12-25 03:31:43.506067159,41.53
EXC-8163,TX2406781,TIMING_MISMATCH_TIMEZONE,0.0,finance-ops-recon,2024-12-27,2024-12-27 10:00:00,2024-12-27 10:09:40.239918092,0.16
EXC-8164,TX2406796,FEE_VARIANCE_BREACH,-0.65,payments-partnerships,2024-12-13,2024-12-13 10:00:00,2024-12-18 09:18:41.850072567,71.31
EXC-8165,TX2406827,TIMING_MISMATCH_TIMEZONE,0.0,finance-ops-recon,2024-12-18,2024-12-18 10:00:00,2024-12-18 10:21:35.145017750,0.36
EXC-8166,TX2406831,TIMING_MISMATCH_TIMEZONE,0.0,finance-ops-recon,2024-12-11,2024-12-11 10:00:00,2024-12-11 10:13:26.729394597,0.22
EXC-8167,TX2406850,TIMING_MISMATCH_TIMEZONE,0.0,finance-ops-recon,2024-12-10,2024-12-10 10:00:00,2024-12-10 10:10:53.508895034,0.18
EXC-8168,TX2406868,ORPHANED_LEDGER_RECORD,-216.39,revenue-accounting,2024-12-23,2024-12-23 10:00:00,2024-12-24 12:21:03.461087591,26.35
EXC-8169,TX2406871,TIMING_MISMATCH_TIMEZONE,0.0,finance-ops-recon,2024-12-30,2024-12-30 10:00:00,2024-12-30 10:14:16.177336644,0.24
EXC-8170,TX2406875,FEE_VARIANCE_BREACH,-0.53,payments-partnerships,2024-12-26,2024-12-26 10:00:00,2024-12-31 16:02:21.329541087,78.04
EXC-8171,TX2406882,ORPHANED_GATEWAY_RECORD,494.48,finance-ops-recon,2024-12-16,2024-12-16 10:00:00,2024-12-18 00:55:15.803045497,38.92
EXC-8172,TX2406926,ORPHANED_GATEWAY_RECORD,151.46,finance-ops-recon,2024-12-17,2024-12-17 10:00:00,2024-12-18 22:50:23.304800697,36.84
EXC-8173,TX2406947,UNCLASSIFIED_VARIANCE,-12.0,recon-lead,2024-12-09,2024-12-09 10:00:00,2024-12-10 21:36:46.371704692,35.61
EXC-8174,TX2406994,FEE_VARIANCE_BREACH,-1.45,payments-partnerships,2024-12-31,2024-12-31 10:00:00,2025-01-02 08:53:08.360399330,46.89
EXC-8175,TX2406997,TIMING_MISMATCH_TIMEZONE,0.0,finance-ops-recon,2024-12-06,2024-12-06 10:00:00,2024-12-06 10:12:31.847453232,0.21
EXC-8176,TX2407122,TIMING_MISMATCH_TIMEZONE,0.0,finance-ops-recon,2024-12-09,2024-12-09 10:00:00,2024-12-09 10:10:58.242610259,0.18
EXC-8177,TX2407176,TIMING_MISMATCH_TIMEZONE,0.0,finance-ops-recon,2024-12-23,2024-12-23 10:00:00,2024-12-23 10:06:39.499974553,0.11
EXC-8178,TX2407177,TIMING_MISMATCH_TIMEZONE,0.0,finance-ops-recon,2024-12-16,2024-12-16 10:00:00,2024-12-16 10:10:50.692236664,0.18
EXC-8179,TX2407180,FEE_VARIANCE_BREACH,-6.08,payments-partnerships,2024-12-19,2024-12-19 10:00:00,2024-12-25 17:22:46.205249105,103.38
EXC-8180,TX2407290,ORPHANED_LEDGER_RECORD,-62.71,revenue-accounting,2024-12-26,2024-12-26 10:00:00,2024-12-27 09:11:32.078290182,23.19
EXC-8181,TX2407300,TIMING_MISMATCH_TIMEZONE,0.0,finance-ops-recon,2024-12-12,2024-12-12 10:00:00,2024-12-12 10:16:10.777075503,0.27
EXC-8182,TX2407313,FEE_VARIANCE_BREACH,-1.39,payments-partnerships,2024-12-04,2024-12-04 10:00:00,2024-12-09 09:42:18.483882290,71.71
EXC-8183,TX2407350,TIMING_MISMATCH_TIMEZONE,0.0,finance-ops-recon,2024-12-24,2024-12-24 10:00:00,2024-12-24 10:09:01.448114864,0.15
EXC-8184,TX2407369,ORPHANED_GATEWAY_RECORD,1737.24,finance-ops-recon,2024-12-23,2024-12-23 10:00:00,2024-12-25 21:23:55.268441952,59.4
EXC-8185,TX2407389,ORPHANED_LEDGER_RECORD,-195.85,revenue-accounting,2024-12-16,2024-12-16 10:00:00,2024-12-19 05:47:55.359718462,67.8
EXC-8186,TX2407471,TIMING_MISMATCH_TIMEZONE,0.0,finance-ops-recon,2024-12-09,2024-12-09 10:00:00,2024-12-09 10:10:09.748928868,0.17
EXC-8187,TX2407486,ORPHANED_LEDGER_RECORD,-94.43,revenue-accounting,2024-12-18,2024-12-18 10:00:00,2024-12-23 11:56:39.258119222,73.94
EXC-8188,TX2407599,TIMING_MISMATCH_TIMEZONE,0.0,finance-ops-recon,2024-12-16,2024-12-16 10:00:00,2024-12-16 10:11:41.309848981,0.19
EXC-8189,TX2407699,TIMING_MISMATCH_TIMEZONE,0.0,finance-ops-recon,2024-12-16,2024-12-16 10:00:00,2024-12-16 10:10:56.947089281,0.18
EXC-8190,TX2407709,FEE_VARIANCE_BREACH,-3.01,payments-partnerships,2024-12-09,2024-12-09 10:00:00,2024-12-13 18:54:04.235312159,104.9
EXC-8191,TX2407773,TIMING_MISMATCH_TIMEZONE,0.0,finance-ops-recon,2024-12-05,2024-12-05 10:00:00,2024-12-05 10:08:35.064180444,0.14
EXC-8192,TX2407788,FEE_VARIANCE_BREACH,-1.54,payments-partnerships,2024-12-23,2024-12-23 10:00:00,2024-12-27 11:43:33.310313594,97.73
EXC-8193,TX2407798,TIMING_MISMATCH_TIMEZONE,0.0,finance-ops-recon,2024-12-19,2024-12-19 10:00:00,2024-12-19 10:21:39.285172158,0.36
EXC-8194,TX2407819,TIMING_MISMATCH_TIMEZONE,0.0,finance-ops-recon,2024-12-09,2024-12-09 10:00:00,2024-12-09 10:04:11.028609176,0.07
EXC-8195,TX2407849,TIMING_MISMATCH_TIMEZONE,0.0,finance-ops-recon,2024-12-30,2024-12-30 10:00:00,2024-12-30 10:07:32.722901925,0.13
EXC-8196,TX2407857,TIMING_MISMATCH_TIMEZONE,0.0,finance-ops-recon,2024-12-17,2024-12-17 10:00:00,2024-12-17 10:04:17.011622404,0.07
EXC-8197,TX2407906,FEE_VARIANCE_BREACH,-1.53,payments-partnerships,2024-12-11,2024-12-11 10:00:00,2024-12-18 07:33:21.576434030,117.56
EXC-8198,TX2407915,TIMING_MISMATCH_TIMEZONE,0.0,finance-ops-recon,2025-01-01,2025-01-01 10:00:00,2025-01-01 10:03:49.065912906,0.06
EXC-8199,TX2407934,ORPHANED_GATEWAY_RECORD,778.97,finance-ops-recon,2024-12-09,2024-12-09 10:00:00,2024-12-10 09:31:39.008625537,23.53
EXC-8200,TX2407978,TIMING_MISMATCH_TIMEZONE,0.0,finance-ops-recon,2024-12-12,2024-12-12 10:00:00,2024-12-12 10:05:10.908808346,0.09
EXC-8201,TX2407989,FEE_VARIANCE_BREACH,-0.65,payments-partnerships,2024-12-26,2024-12-26 10:00:00,2024-12-30 19:52:33.117287044,57.88
EXC-8202,TX2408054,TIMING_MISMATCH_TIMEZONE,0.0,finance-ops-recon,2024-12-11,2024-12-11 10:00:00,2024-12-11 10:04:32.601828104,0.08
EXC-8203,TX2408092,TIMING_MISMATCH_TIMEZONE,0.0,finance-ops-recon,2024-12-12,2024-12-12 10:00:00,2024-12-12 10:16:36.608701374,0.28
EXC-8204,TX2408166,TIMING_MISMATCH_TIMEZONE,0.0,finance-ops-recon,2024-12-17,2024-12-17 10:00:00,2024-12-17 10:16:28.057367267,0.27
EXC-8205,TX2408184,ORPHANED_GATEWAY_RECORD,184.74,finance-ops-recon,2024-12-31,2024-12-31 10:00:00,2025-01-02 03:09:25.547791897,41.16
EXC-8206,TX2408186,FEE_VARIANCE_BREACH,-0.76,payments-partnerships,2024-12-12,2024-12-12 10:00:00,2024-12-16 18:23:09.157648848,56.39
EXC-8207,TX2408206,TIMING_MISMATCH_TIMEZONE,0.0,finance-ops-recon,2025-01-02,2025-01-02 10:00:00,2025-01-02 10:06:15.231011916,0.1
EXC-8208,TX2408276,FEE_VARIANCE_BREACH,-3.22,payments-partnerships,2024-12-09,2024-12-09 10:00:00,2024-12-17 07:22:44.660169752,141.38
EXC-8209,TX2408309,TIMING_MISMATCH_TIMEZONE,0.0,finance-ops-recon,2024-12-04,2024-12-04 10:00:00,2024-12-04 10:06:30.890654775,0.11
EXC-8210,TX2408332,FEE_VARIANCE_BREACH,-1.26,payments-partnerships,2024-12-11,2024-12-11 10:00:00,2024-12-16 20:32:42.376826725,82.55
EXC-8211,TX2408373,FEE_VARIANCE_BREACH,-1.29,payments-partnerships,2024-12-06,2024-12-06 10:00:00,2024-12-10 18:46:42.637220859,56.78
EXC-8212,TX2408435,TIMING_MISMATCH_TIMEZONE,0.0,finance-ops-recon,2024-12-30,2024-12-30 10:00:00,2024-12-30 10:12:26.439886172,0.21
EXC-8213,TX2408459,ORPHANED_GATEWAY_RECORD,316.58,finance-ops-recon,2024-12-23,2024-12-23 10:00:00,2024-12-24 00:09:08.268936660,14.15
EXC-8214,TX2408539,TIMING_MISMATCH_TIMEZONE,0.0,finance-ops-recon,2024-12-19,2024-12-19 10:00:00,2024-12-19 10:07:28.421308549,0.12
EXC-8215,TX2408615,ORPHANED_LEDGER_RECORD,-95.54,revenue-accounting,2024-12-16,2024-12-16 10:00:00,2024-12-18 14:07:37.400223788,52.13
EXC-8216,TX2408688,TIMING_MISMATCH_TIMEZONE,0.0,finance-ops-recon,2025-01-01,2025-01-01 10:00:00,2025-01-01 10:11:36.243133960,0.19
EXC-8217,TX2408776,TIMING_MISMATCH_TIMEZONE,0.0,finance-ops-recon,2024-12-19,2024-12-19 10:00:00,2024-12-19 10:04:14.037193074,0.07
EXC-8218,TX2408779,TIMING_MISMATCH_TIMEZONE,0.0,finance-ops-recon,2024-12-24,2024-12-24 10:00:00,2024-12-24 10:03:00.000000000,0.05
EXC-8219,TX2408813,TIMING_MISMATCH_TIMEZONE,0.0,finance-ops-recon,2024-12-19,2024-12-19 10:00:00,2024-12-19 10:09:34.261449882,0.16
EXC-8220,TX2408855,TIMING_MISMATCH_TIMEZONE,0.0,finance-ops-recon,2024-12-16,2024-12-16 10:00:00,2024-12-16 10:13:37.924831685,0.23
EXC-8221,TX2408867,TIMING_MISMATCH_TIMEZONE,0.0,finance-ops-recon,2024-12-10,2024-12-10 10:00:00,2024-12-10 10:07:32.881824657,0.13
EXC-8222,TX2408951,TIMING_MISMATCH_TIMEZONE,0.0,finance-ops-recon,2024-12-04,2024-12-04 10:00:00,2024-12-04 10:11:36.012357072,0.19
EXC-8223,TX2408960,TIMING_MISMATCH_TIMEZONE,0.0,finance-ops-recon,2024-12-30,2024-12-30 10:00:00,2024-12-30 10:22:20.954806772,0.37
EXC-8224,TX2408988,FEE_VARIANCE_BREACH,-1.51,payments-partnerships,2024-12-23,2024-12-23 10:00:00,2024-12-26 00:47:55.621400511,62.8
EXC-8225,TX2408990,FEE_VARIANCE_BREACH,-3.13,payments-partnerships,2024-12-09,2024-12-09 10:00:00,2024-12-11 13:40:36.926853308,51.68
EXC-8226,TX2409011,TIMING_MISMATCH_TIMEZONE,0.0,finance-ops-recon,2025-01-02,2025-01-02 10:00:00,2025-01-02 10:08:48.020132278,0.15
EXC-8227,TX2409053,TIMING_MISMATCH_TIMEZONE,0.0,finance-ops-recon,2024-12-16,2024-12-16 10:00:00,2024-12-16 10:25:31.079899984,0.43
EXC-8228,TX2409071,TIMING_MISMATCH_TIMEZONE,0.0,finance-ops-recon,2024-12-09,2024-12-09 10:00:00,2024-12-09 10:14:03.917393199,0.23
EXC-8229,TX2409072,TIMING_MISMATCH_TIMEZONE,0.0,finance-ops-recon,2024-12-31,2024-12-31 10:00:00,2024-12-31 10:13:48.688235052,0.23
EXC-8230,TX2409103,UNCLASSIFIED_VARIANCE,-12.0,recon-lead,2024-12-05,2024-12-05 10:00:00,2024-12-09 08:01:31.658923486,46.03
EXC-8231,TX2409119,TIMING_MISMATCH_TIMEZONE,0.0,finance-ops-recon,2024-12-25,2024-12-25 10:00:00,2024-12-25 10:20:38.809720938,0.34
EXC-8232,TX2409148,TIMING_MISMATCH_TIMEZONE,0.0,finance-ops-recon,2024-12-03,2024-12-03 10:00:00,2024-12-03 10:08:10.703114567,0.14
EXC-8233,TX2409155,TIMING_MISMATCH_TIMEZONE,0.0,finance-ops-recon,2024-12-09,2024-12-09 10:00:00,2024-12-09 10:18:03.201107004,0.3
EXC-8234,TX2409217,FEE_VARIANCE_BREACH,-0.64,payments-partnerships,2024-12-13,2024-12-13 10:00:00,2024-12-16 12:16:21.104226771,26.27
EXC-8235,TX2409262,TIMING_MISMATCH_TIMEZONE,0.0,finance-ops-recon,2025-01-02,2025-01-02 10:00:00,2025-01-02 10:10:43.717663485,0.18
EXC-8236,TX2409370,TIMING_MISMATCH_TIMEZONE,0.0,finance-ops-recon,2024-12-03,2024-12-03 10:00:00,2024-12-03 10:17:27.586993004,0.29
EXC-8237,TX2409419,ORPHANED_GATEWAY_RECORD,135.66,finance-ops-recon,2024-12-12,2024-12-12 10:00:00,2024-12-12 23:52:43.417525407,13.88
EXC-8238,TX2409442,TIMING_MISMATCH_TIMEZONE,0.0,finance-ops-recon,2025-01-02,2025-01-02 10:00:00,2025-01-02 10:19:47.796968032,0.33
EXC-8239,TX2409526,TIMING_MISMATCH_TIMEZONE,0.0,finance-ops-recon,2024-12-12,2024-12-12 10:00:00,2024-12-12 10:23:42.060974443,0.4
EXC-8240,TX2409529,ORPHANED_GATEWAY_RECORD,1643.49,finance-ops-recon,2024-12-16,2024-12-16 10:00:00,2024-12-17 05:42:28.370864955,19.71
EXC-8241,TX2409597,TIMING_MISMATCH_TIMEZONE,0.0,finance-ops-recon,2024-12-11,2024-12-11 10:00:00,2024-12-11 10:20:50.138078626,0.35
EXC-8242,TX2409615,TIMING_MISMATCH_TIMEZONE,0.0,finance-ops-recon,2024-12-03,2024-12-03 10:00:00,2024-12-03 10:12:13.637471963,0.2
EXC-8243,TX2409629,FEE_VARIANCE_BREACH,-1.17,payments-partnerships,2024-12-30,2024-12-30 10:00:00,2025-01-03 10:23:09.713548447,96.39
EXC-8244,TX2409644,ORPHANED_GATEWAY_RECORD,1297.96,finance-ops-recon,2024-12-23,2024-12-23 10:00:00,2024-12-24 17:09:56.055867821,31.17
EXC-8245,TX2409651,TIMING_MISMATCH_TIMEZONE,0.0,finance-ops-recon,2024-12-25,2024-12-25 10:00:00,2024-12-25 10:03:12.265856340,0.05
EXC-8246,TX2409666,TIMING_MISMATCH_TIMEZONE,0.0,finance-ops-recon,2024-12-18,2024-12-18 10:00:00,2024-12-18 10:13:58.555466661,0.23
EXC-8247,TX2409681,TIMING_MISMATCH_TIMEZONE,0.0,finance-ops-recon,2024-12-05,2024-12-05 10:00:00,2024-12-05 10:23:22.923612190,0.39
EXC-8248,TX2409731,TIMING_MISMATCH_TIMEZONE,0.0,finance-ops-recon,2024-12-20,2024-12-20 10:00:00,2024-12-20 10:16:39.817236052,0.28
EXC-8249,TX2409748,TIMING_MISMATCH_TIMEZONE,0.0,finance-ops-recon,2024-12-16,2024-12-16 10:00:00,2024-12-16 10:04:44.328514763,0.08
EXC-8250,TX2409800,UNCLASSIFIED_VARIANCE,-12.0,recon-lead,2024-12-19,2024-12-19 10:00:00,2024-12-23 08:15:30.042338735,46.26
EXC-8251,TX2409931,TIMING_MISMATCH_TIMEZONE,0.0,finance-ops-recon,2025-01-02,2025-01-02 10:00:00,2025-01-02 10:13:28.879852668,0.22
EXC-8252,TX2409938,ORPHANED_LEDGER_RECORD,-190.84,revenue-accounting,2024-12-03,2024-12-03 10:00:00,2024-12-04 05:34:19.365617189,19.57
EXC-8253,TX2410017,FEE_VARIANCE_BREACH,-2.13,payments-partnerships,2025-01-02,2025-01-02 10:00:00,,
EXC-8254,TX2410020,FEE_VARIANCE_BREACH,-2.63,payments-partnerships,2024-12-09,2024-12-09 10:00:00,2024-12-10 23:19:36.788693092,37.33
EXC-8255,TX2410026,ORPHANED_GATEWAY_RECORD,177.41,finance-ops-recon,2024-12-09,2024-12-09 10:00:00,2024-12-11 13:34:50.900779295,51.58
EXC-8256,TX2410043,TIMING_MISMATCH_TIMEZONE,0.0,finance-ops-recon,2024-12-20,2024-12-20 10:00:00,2024-12-20 10:16:53.946350782,0.28
EXC-8257,TX2410049,FEE_VARIANCE_BREACH,-4.3,payments-partnerships,2024-12-02,2024-12-02 10:00:00,2024-12-05 23:47:00.966321968,85.78
EXC-8258,TX2410071,FEE_VARIANCE_BREACH,-0.87,payments-partnerships,2024-12-02,2024-12-02 10:00:00,2024-12-04 22:15:35.217968825,60.26
EXC-8259,TX2410091,TIMING_MISMATCH_TIMEZONE,0.0,finance-ops-recon,2024-12-30,2024-12-30 10:00:00,2024-12-30 10:04:45.275271067,0.08
EXC-8260,TX2410098,TIMING_MISMATCH_TIMEZONE,0.0,finance-ops-recon,2024-12-09,2024-12-09 10:00:00,2024-12-09 10:07:18.891533349,0.12
EXC-8261,TX2410117,TIMING_MISMATCH_TIMEZONE,0.0,finance-ops-recon,2024-12-16,2024-12-16 10:00:00,2024-12-16 10:15:23.916324779,0.26
EXC-8262,TX2410151,ORPHANED_GATEWAY_RECORD,397.49,finance-ops-recon,2024-12-16,2024-12-16 10:00:00,2024-12-17 22:51:38.484256950,36.86
EXC-8263,TX2410175,FEE_VARIANCE_BREACH,-1.08,payments-partnerships,2024-12-23,2024-12-23 10:00:00,2024-12-26 15:27:45.688124285,77.46
EXC-8264,TX2410199,TIMING_MISMATCH_TIMEZONE,0.0,finance-ops-recon,2024-12-13,2024-12-13 10:00:00,2024-12-13 10:16:58.585109376,0.28
EXC-8265,TX2410202,TIMING_MISMATCH_TIMEZONE,0.0,finance-ops-recon,2024-12-23,2024-12-23 10:00:00,2024-12-23 10:16:09.393606897,0.27
EXC-8266,TX2410272,FEE_VARIANCE_BREACH,-1.58,payments-partnerships,2024-12-06,2024-12-06 10:00:00,2024-12-12 13:04:11.965767353,99.07
EXC-8267,TX2410309,TIMING_MISMATCH_TIMEZONE,0.0,finance-ops-recon,2024-12-05,2024-12-05 10:00:00,2024-12-05 10:14:08.819536799,0.24
EXC-8268,TX2410336,TIMING_MISMATCH_TIMEZONE,0.0,finance-ops-recon,2024-12-09,2024-12-09 10:00:00,2024-12-09 10:13:23.205502986,0.22
EXC-8269,TX2410340,TIMING_MISMATCH_TIMEZONE,0.0,finance-ops-recon,2024-12-31,2024-12-31 10:00:00,2024-12-31 10:11:52.300749810,0.2
EXC-8270,TX2410360,TIMING_MISMATCH_TIMEZONE,0.0,finance-ops-recon,2024-12-17,2024-12-17 10:00:00,2024-12-17 10:20:25.959678119,0.34
EXC-8271,TX2410424,TIMING_MISMATCH_TIMEZONE,0.0,finance-ops-recon,2024-12-09,2024-12-09 10:00:00,2024-12-09 10:07:39.856975136,0.13
EXC-8272,TX2410438,TIMING_MISMATCH_TIMEZONE,0.0,finance-ops-recon,2024-12-16,2024-12-16 10:00:00,2024-12-16 10:13:47.641153188,0.23
EXC-8273,TX2410460,FEE_VARIANCE_BREACH,-6.74,payments-partnerships,2024-12-23,2024-12-23 10:00:00,2024-12-30 04:35:50.416486392,114.6
EXC-8274,TX2410500,TIMING_MISMATCH_TIMEZONE,0.0,finance-ops-recon,2024-12-23,2024-12-23 10:00:00,2024-12-23 10:15:04.170304077,0.25
EXC-8275,TX2410528,TIMING_MISMATCH_TIMEZONE,0.0,finance-ops-recon,2024-12-16,2024-12-16 10:00:00,2024-12-16 10:10:11.154484579,0.17
EXC-8276,TX2410567,FEE_VARIANCE_BREACH,-1.62,payments-partnerships,2025-01-02,2025-01-02 10:00:00,,
EXC-8277,TX2410581,TIMING_MISMATCH_TIMEZONE,0.0,finance-ops-recon,2024-12-30,2024-12-30 10:00:00,2024-12-30 10:18:24.675598702,0.31
EXC-8278,TX2410620,TIMING_MISMATCH_TIMEZONE,0.0,finance-ops-recon,2024-12-24,2024-12-24 10:00:00,2024-12-24 10:06:59.087659081,0.12
EXC-8279,TX2410631,TIMING_MISMATCH_TIMEZONE,0.0,finance-ops-recon,2024-12-04,2024-12-04 10:00:00,2024-12-04 10:13:10.903130803,0.22
EXC-8280,TX2410755,TIMING_MISMATCH_TIMEZONE,0.0,finance-ops-recon,2024-12-18,2024-12-18 10:00:00,2024-12-18 10:07:38.891633194,0.13
EXC-8281,TX2410791,TIMING_MISMATCH_TIMEZONE,0.0,finance-ops-recon,2024-12-06,2024-12-06 10:00:00,2024-12-06 10:04:19.538180798,0.07
EXC-8282,TX2410802,TIMING_MISMATCH_TIMEZONE,0.0,finance-ops-recon,2024-12-12,2024-12-12 10:00:00,2024-12-12 10:03:00.000000000,0.05
EXC-8283,TX2410841,TIMING_MISMATCH_TIMEZONE,0.0,finance-ops-recon,2024-12-16,2024-12-16 10:00:00,2024-12-16 10:17:27.603686197,0.29
EXC-8284,TX2410847,FEE_VARIANCE_BREACH,-0.63,payments-partnerships,2024-12-27,2024-12-27 10:00:00,2025-01-02 10:39:49.762048865,96.66
EXC-8285,TX2410849,TIMING_MISMATCH_TIMEZONE,0.0,finance-ops-recon,2024-12-05,2024-12-05 10:00:00,2024-12-05 10:15:55.493757566,0.27
EXC-8286,TX2410921,UNCLASSIFIED_VARIANCE,-3.0,recon-lead,2024-12-30,2024-12-30 10:00:00,2025-01-01 02:47:44.062229508,40.8
EXC-8287,TX2410944,ORPHANED_LEDGER_RECORD,-92.37,revenue-accounting,2024-12-10,2024-12-10 10:00:00,2024-12-13 11:19:45.532297566,73.33
EXC-8288,TX2411063,TIMING_MISMATCH_TIMEZONE,0.0,finance-ops-recon,2024-12-30,2024-12-30 10:00:00,2024-12-30 10:12:47.662789776,0.21
EXC-8289,TX2411104,TIMING_MISMATCH_TIMEZONE,0.0,finance-ops-recon,2024-12-19,2024-12-19 10:00:00,2024-12-19 10:13:36.883373773,0.23
EXC-8290,TX2411117,TIMING_MISMATCH_TIMEZONE,0.0,finance-ops-recon,2024-12-16,2024-12-16 10:00:00,2024-12-16 10:06:16.409003316,0.1
EXC-8291,TX2411137,TIMING_MISMATCH_TIMEZONE,0.0,finance-ops-recon,2024-12-20,2024-12-20 10:00:00,2024-12-20 10:16:44.934519426,0.28
EXC-8292,TX2411142,FEE_VARIANCE_BREACH,-0.81,payments-partnerships,2024-12-04,2024-12-04 10:00:00,2024-12-10 01:26:26.017160097,87.44
EXC-8293,TX2411179,TIMING_MISMATCH_TIMEZONE,0.0,finance-ops-recon,2024-12-16,2024-12-16 10:00:00,2024-12-16 10:10:15.012838162,0.17
EXC-8294,TX2411218,TIMING_MISMATCH_TIMEZONE,0.0,finance-ops-recon,2024-12-17,2024-12-17 10:00:00,2024-12-17 10:13:58.411302826,0.23
EXC-8295,TX2411242,FEE_VARIANCE_BREACH,-7.76,payments-partnerships,2024-12-27,2024-12-27 10:00:00,2024-12-31 05:13:25.159060646,43.22
EXC-8296,TX2411246,TIMING_MISMATCH_TIMEZONE,0.0,finance-ops-recon,2024-12-05,2024-12-05 10:00:00,2024-12-05 10:20:03.289085562,0.33
EXC-8297,TX2411299,FEE_VARIANCE_BREACH,-2.27,payments-partnerships,2025-01-01,2025-01-01 10:00:00,2025-01-03 18:39:51.148557393,56.66
EXC-8298,TX2411420,TIMING_MISMATCH_TIMEZONE,0.0,finance-ops-recon,2024-12-05,2024-12-05 10:00:00,2024-12-05 10:08:16.526667352,0.14
EXC-8299,TX2411519,TIMING_MISMATCH_TIMEZONE,0.0,finance-ops-recon,2024-12-23,2024-12-23 10:00:00,2024-12-23 10:10:49.060786483,0.18
EXC-8300,TX2411569,FEE_VARIANCE_BREACH,-0.86,payments-partnerships,2024-12-12,2024-12-12 10:00:00,2024-12-18 15:56:01.343703823,101.93
EXC-8301,TX2411621,TIMING_MISMATCH_TIMEZONE,0.0,finance-ops-recon,2024-12-23,2024-12-23 10:00:00,2024-12-23 10:07:08.935760869,0.12
EXC-8302,TX2411648,FEE_VARIANCE_BREACH,-1.44,payments-partnerships,2024-12-27,2024-12-27 10:00:00,2025-01-01 15:54:51.856830118,77.91
EXC-8303,TX2411650,ORPHANED_LEDGER_RECORD,-1104.3,revenue-accounting,2024-12-06,2024-12-06 10:00:00,2024-12-11 06:39:51.040872667,68.66
EXC-8304,TX2411726,TIMING_MISMATCH_TIMEZONE,0.0,finance-ops-recon,2024-12-17,2024-12-17 10:00:00,2024-12-17 10:24:42.102031275,0.41
EXC-8305,TX2411783,UNCLASSIFIED_VARIANCE,-45.0,recon-lead,2024-12-05,2024-12-05 10:00:00,2024-12-06 03:38:52.679295582,17.65
EXC-8306,TX2411806,TIMING_MISMATCH_TIMEZONE,0.0,finance-ops-recon,2024-12-25,2024-12-25 10:00:00,2024-12-25 10:19:23.192381719,0.32
EXC-8307,TX2411849,FEE_VARIANCE_BREACH,-2.21,payments-partnerships,2024-12-09,2024-12-09 10:00:00,2024-12-12 06:35:18.004281369,68.59
EXC-8308,TX2411948,FEE_VARIANCE_BREACH,-0.59,payments-partnerships,2024-12-04,2024-12-04 10:00:00,2024-12-11 03:57:47.742489553,113.96
EXC-8309,TX2411965,TIMING_MISMATCH_TIMEZONE,0.0,finance-ops-recon,2024-12-06,2024-12-06 10:00:00,2024-12-06 10:13:44.792249469,0.23
EXC-8310,TX2411971,FEE_VARIANCE_BREACH,-1.13,payments-partnerships,2024-12-23,2024-12-23 10:00:00,2024-12-27 16:00:36.472296499,102.01
EXC-8311,TX2411991,TIMING_MISMATCH_TIMEZONE,0.0,finance-ops-recon,2024-12-25,2024-12-25 10:00:00,2024-12-25 10:03:00.000000000,0.05
EXC-8312,TX2411993,ORPHANED_GATEWAY_RECORD,37.84,finance-ops-recon,2024-12-27,2024-12-27 10:00:00,2024-12-30 21:52:11.245933712,35.87
EXC-8313,TX2412104,TIMING_MISMATCH_TIMEZONE,0.0,finance-ops-recon,2024-12-16,2024-12-16 10:00:00,2024-12-16 10:10:44.749880997,0.18
EXC-8314,TX2412124,FEE_VARIANCE_BREACH,-0.69,payments-partnerships,2024-12-23,2024-12-23 10:00:00,2024-12-26 21:53:14.305640366,83.89
EXC-8315,TX2412182,ORPHANED_LEDGER_RECORD,-137.11,revenue-accounting,2024-12-02,2024-12-02 10:00:00,2024-12-05 06:17:27.162051418,68.29
EXC-8316,TX2412206,FEE_VARIANCE_BREACH,-1.45,payments-partnerships,2024-12-02,2024-12-02 10:00:00,2024-12-05 05:20:24.123752931,67.34
EXC-8317,TX2412354,FEE_VARIANCE_BREACH,-1.4,payments-partnerships,2024-12-20,2024-12-20 10:00:00,2024-12-26 13:37:50.209872734,99.63
EXC-8318,TX2412425,ORPHANED_GATEWAY_RECORD,227.47,finance-ops-recon,2024-12-09,2024-12-09 10:00:00,2024-12-11 06:18:06.815062124,44.3
EXC-8319,TX2412491,TIMING_MISMATCH_TIMEZONE,0.0,finance-ops-recon,2024-12-23,2024-12-23 10:00:00,2024-12-23 10:15:37.852769569,0.26
EXC-8320,TX2412586,TIMING_MISMATCH_TIMEZONE,0.0,finance-ops-recon,2024-12-09,2024-12-09 10:00:00,2024-12-09 10:03:04.628557058,0.05
EXC-8321,TX2412610,FEE_VARIANCE_BREACH,-1.69,payments-partnerships,2024-12-16,2024-12-16 10:00:00,2024-12-20 07:53:39.566908657,93.89
EXC-8322,TX2412619,ORPHANED_LEDGER_RECORD,-147.37,revenue-accounting,2024-12-09,2024-12-09 10:00:00,2024-12-12 14:15:28.106316159,76.26
EXC-8323,TX2412653,FEE_VARIANCE_BREACH,-0.93,payments-partnerships,2024-12-16,2024-12-16 10:00:00,2024-12-19 18:40:35.468841688,80.68
EXC-8324,TX2412709,TIMING_MISMATCH_TIMEZONE,0.0,finance-ops-recon,2024-12-03,2024-12-03 10:00:00,2024-12-03 10:04:24.052692622,0.07
EXC-8325,TX2412729,TIMING_MISMATCH_TIMEZONE,0.0,finance-ops-recon,2024-12-11,2024-12-11 10:00:00,2024-12-11 10:21:55.181664226,0.37
EXC-8326,TX2412806,ORPHANED_LEDGER_RECORD,-42.01,revenue-accounting,2024-12-13,2024-12-13 10:00:00,2024-12-19 20:19:22.957676176,106.32
EXC-8327,TX2412819,TIMING_MISMATCH_TIMEZONE,0.0,finance-ops-recon,2024-12-17,2024-12-17 10:00:00,2024-12-17 10:13:46.126738052,0.23
EXC-8328,TX2412852,ORPHANED_LEDGER_RECORD,-311.19,revenue-accounting,2024-12-26,2024-12-26 10:00:00,2024-12-30 08:13:43.465085961,46.23
EXC-8329,TX2412883,TIMING_MISMATCH_TIMEZONE,0.0,finance-ops-recon,2024-12-16,2024-12-16 10:00:00,2024-12-16 10:09:58.839961237,0.17
EXC-8330,TX2412899,TIMING_MISMATCH_TIMEZONE,0.0,finance-ops-recon,2024-12-10,2024-12-10 10:00:00,2024-12-10 10:11:01.033484993,0.18
EXC-8331,TX2412943,FEE_VARIANCE_BREACH,-8.4,payments-partnerships,2024-12-04,2024-12-04 10:00:00,2024-12-09 06:16:03.862810122,68.27
EXC-8332,TX2412957,TIMING_MISMATCH_TIMEZONE,0.0,finance-ops-recon,2024-12-18,2024-12-18 10:00:00,2024-12-18 10:17:18.239610819,0.29
EXC-8333,TX2413006,ORPHANED_GATEWAY_RECORD,134.74,finance-ops-recon,2024-12-06,2024-12-06 10:00:00,2024-12-09 02:55:58.893171980,16.93
EXC-8334,TX2413128,FEE_VARIANCE_BREACH,-4.04,payments-partnerships,2024-12-30,2024-12-30 10:00:00,2025-01-01 22:51:18.084854232,60.86
EXC-8335,TX2413169,TIMING_MISMATCH_TIMEZONE,0.0,finance-ops-recon,2024-12-04,2024-12-04 10:00:00,2024-12-04 10:16:24.077045055,0.27
EXC-8336,TX2413194,TIMING_MISMATCH_TIMEZONE,0.0,finance-ops-recon,2024-12-26,2024-12-26 10:00:00,2024-12-26 10:11:13.713566656,0.19
EXC-8337,TX2413218,UNCLASSIFIED_VARIANCE,-3.0,recon-lead,2024-12-13,2024-12-13 10:00:00,2024-12-16 21:57:09.534295263,35.95
EXC-8338,TX2413276,TIMING_MISMATCH_TIMEZONE,0.0,finance-ops-recon,2024-12-23,2024-12-23 10:00:00,2024-12-23 10:19:35.922858240,0.33
EXC-8339,TX2413425,FEE_VARIANCE_BREACH,-0.54,payments-partnerships,2024-12-09,2024-12-09 10:00:00,2024-12-18 16:56:56.205036482,174.95
EXC-8340,TX2413461,ORPHANED_LEDGER_RECORD,-549.73,revenue-accounting,2024-12-20,2024-12-20 10:00:00,2024-12-23 13:29:17.315748317,27.49
EXC-8341,TX2413507,TIMING_MISMATCH_TIMEZONE,0.0,finance-ops-recon,2024-12-24,2024-12-24 10:00:00,2024-12-24 10:07:24.481466626,0.12
EXC-8342,TX2413568,FEE_VARIANCE_BREACH,-1.66,payments-partnerships,2024-12-19,2024-12-19 10:00:00,2024-12-25 22:00:13.077979877,108.0
EXC-8343,TX2413603,TIMING_MISMATCH_TIMEZONE,0.0,finance-ops-recon,2024-12-27,2024-12-27 10:00:00,2024-12-27 10:16:06.900770412,0.27
EXC-8344,TX2413620,FEE_VARIANCE_BREACH,-0.9,payments-partnerships,2024-12-02,2024-12-02 10:00:00,2024-12-06 09:54:25.667704677,95.91
EXC-8345,TX2413621,TIMING_MISMATCH_TIMEZONE,0.0,finance-ops-recon,2024-12-18,2024-12-18 10:00:00,2024-12-18 10:03:00.000000000,0.05
EXC-8346,TX2413640,TIMING_MISMATCH_TIMEZONE,0.0,finance-ops-recon,2024-12-23,2024-12-23 10:00:00,2024-12-23 10:09:45.272866863,0.16
EXC-8347,TX2413696,TIMING_MISMATCH_TIMEZONE,0.0,finance-ops-recon,2024-12-24,2024-12-24 10:00:00,2024-12-24 10:29:35.514810070,0.49
EXC-8348,TX2413736,TIMING_MISMATCH_TIMEZONE,0.0,finance-ops-recon,2024-12-26,2024-12-26 10:00:00,2024-12-26 10:03:00.000000000,0.05
EXC-8349,TX2413784,FEE_VARIANCE_BREACH,-3.73,payments-partnerships,2024-12-19,2024-12-19 10:00:00,2024-12-23 01:46:57.200711379,39.78
EXC-8350,TX2413785,FEE_VARIANCE_BREACH,-1.16,payments-partnerships,2024-12-27,2024-12-27 10:00:00,2024-12-31 19:27:52.475300495,57.46
EXC-8351,TX2413816,TIMING_MISMATCH_TIMEZONE,0.0,finance-ops-recon,2024-12-05,2024-12-05 10:00:00,2024-12-05 10:19:40.147172179,0.33
EXC-8352,TX2413883,TIMING_MISMATCH_TIMEZONE,0.0,finance-ops-recon,2024-12-11,2024-12-11 10:00:00,2024-12-11 10:13:22.949699037,0.22
EXC-8353,TX2413903,TIMING_MISMATCH_TIMEZONE,0.0,finance-ops-recon,2024-12-26,2024-12-26 10:00:00,2024-12-26 10:14:59.484033851,0.25
EXC-8354,TX2413943,TIMING_MISMATCH_TIMEZONE,0.0,finance-ops-recon,2024-12-04,2024-12-04 10:00:00,2024-12-04 10:29:50.999544452,0.5
EXC-8355,TX2413944,TIMING_MISMATCH_TIMEZONE,0.0,finance-ops-recon,2024-12-12,2024-12-12 10:00:00,2024-12-12 10:16:48.192938704,0.28
EXC-8356,TX2413959,ORPHANED_GATEWAY_RECORD,414.0,finance-ops-recon,2024-12-27,2024-12-27 10:00:00,2024-12-31 08:34:41.494742614,46.58
EXC-8357,TX2413963,UNCLASSIFIED_VARIANCE,-45.0,recon-lead,2024-12-11,2024-12-11 10:00:00,2024-12-12 05:45:44.798548992,19.76
EXC-8358,TX2414106,TIMING_MISMATCH_TIMEZONE,0.0,finance-ops-recon,2024-12-30,2024-12-30 10:00:00,2024-12-30 10:13:30.003082547,0.23
EXC-8359,TX2414138,FEE_VARIANCE_BREACH,-1.45,payments-partnerships,2024-12-09,2024-12-09 10:00:00,2024-12-16 08:22:03.858175325,118.37
EXC-8360,TX2414203,ORPHANED_GATEWAY_RECORD,180.73,finance-ops-recon,2024-12-23,2024-12-23 10:00:00,2024-12-24 15:19:29.874228072,29.32
EXC-8361,TX2414242,UNCLASSIFIED_VARIANCE,-45.0,recon-lead,2024-12-16,2024-12-16 10:00:00,2024-12-17 11:28:45.472263350,25.48
EXC-8362,TX2414262,TIMING_MISMATCH_TIMEZONE,0.0,finance-ops-recon,2024-12-24,2024-12-24 10:00:00,2024-12-24 10:04:34.524739959,0.08
EXC-8363,TX2414284,TIMING_MISMATCH_TIMEZONE,0.0,finance-ops-recon,2024-12-16,2024-12-16 10:00:00,2024-12-16 10:04:14.247216707,0.07
EXC-8364,TX2414309,TIMING_MISMATCH_TIMEZONE,0.0,finance-ops-recon,2024-12-26,2024-12-26 10:00:00,2024-12-26 10:20:05.518332994,0.33
EXC-8365,TX2414421,TIMING_MISMATCH_TIMEZONE,0.0,finance-ops-recon,2024-12-30,2024-12-30 10:00:00,2024-12-30 10:06:46.583224443,0.11
EXC-8366,TX2414442,TIMING_MISMATCH_TIMEZONE,0.0,finance-ops-recon,2024-12-12,2024-12-12 10:00:00,2024-12-12 10:16:00.567246945,0.27
EXC-8367,TX2414492,TIMING_MISMATCH_TIMEZONE,0.0,finance-ops-recon,2025-01-01,2025-01-01 10:00:00,2025-01-01 10:21:12.407600584,0.35
EXC-8368,TX2414541,ORPHANED_GATEWAY_RECORD,140.4,finance-ops-recon,2024-12-09,2024-12-09 10:00:00,2024-12-11 01:31:57.807532605,39.53
EXC-8369,TX2414558,TIMING_MISMATCH_TIMEZONE,0.0,finance-ops-recon,2024-12-18,2024-12-18 10:00:00,2024-12-18 10:05:12.251267368,0.09
EXC-8370,TX2414570,TIMING_MISMATCH_TIMEZONE,0.0,finance-ops-recon,2024-12-26,2024-12-26 10:00:00,2024-12-26 10:14:43.640631860,0.25
EXC-8371,TX2414648,TIMING_MISMATCH_TIMEZONE,0.0,finance-ops-recon,2024-12-30,2024-12-30 10:00:00,2024-12-30 10:11:32.689884381,0.19
EXC-8372,TX2414710,TIMING_MISMATCH_TIMEZONE,0.0,finance-ops-recon,2024-12-09,2024-12-09 10:00:00,2024-12-09 10:17:13.183434245,0.29
EXC-8373,TX2414713,TIMING_MISMATCH_TIMEZONE,0.0,finance-ops-recon,2024-12-16,2024-12-16 10:00:00,2024-12-16 10:21:13.964587693,0.35
EXC-8374,TX2414773,TIMING_MISMATCH_TIMEZONE,0.0,finance-ops-recon,2024-12-24,2024-12-24 10:00:00,2024-12-24 10:18:10.793845282,0.3
EXC-8375,TX2414798,TIMING_MISMATCH_TIMEZONE,0.0,finance-ops-recon,2024-12-30,2024-12-30 10:00:00,2024-12-30 10:15:25.394880717,0.26
EXC-8376,TX2414813,UNCLASSIFIED_VARIANCE,-7.5,recon-lead,2024-12-02,2024-12-02 10:00:00,2024-12-04 12:07:21.165735768,50.12
EXC-8377,TX2414817,FEE_VARIANCE_BREACH,-0.92,payments-partnerships,2024-12-23,2024-12-23 10:00:00,2024-12-26 17:10:31.046159388,79.18
EXC-8378,TX2414975,FEE_VARIANCE_BREACH,-0.52,payments-partnerships,2024-12-25,2024-12-25 10:00:00,2024-12-30 14:53:46.213228010,76.9
EXC-8379,TX2415041,TIMING_MISMATCH_TIMEZONE,0.0,finance-ops-recon,2024-12-19,2024-12-19 10:00:00,2024-12-19 10:11:33.369361138,0.19
EXC-8380,TX2415066,TIMING_MISMATCH_TIMEZONE,0.0,finance-ops-recon,2024-12-17,2024-12-17 10:00:00,2024-12-17 10:16:51.431367907,0.28
EXC-8381,TX2415261,TIMING_MISMATCH_TIMEZONE,0.0,finance-ops-recon,2024-12-16,2024-12-16 10:00:00,2024-12-16 10:05:13.205569176,0.09
EXC-8382,TX2415367,ORPHANED_LEDGER_RECORD,-124.91,revenue-accounting,2024-12-12,2024-12-12 10:00:00,2024-12-13 13:56:57.985124417,27.95
EXC-8383,TX2415461,FEE_VARIANCE_BREACH,-0.74,payments-partnerships,2024-12-11,2024-12-11 10:00:00,2024-12-17 02:13:40.345289173,88.23
EXC-8384,TX2415490,FEE_VARIANCE_BREACH,-14.03,payments-partnerships,2024-12-30,2024-12-30 10:00:00,,
EXC-8385,TX2415500,TIMING_MISMATCH_TIMEZONE,0.0,finance-ops-recon,2024-12-11,2024-12-11 10:00:00,2024-12-11 10:13:13.151502168,0.22
EXC-8386,TX2415568,FEE_VARIANCE_BREACH,-0.82,payments-partnerships,2024-12-17,2024-12-17 10:00:00,2024-12-20 18:20:12.546373787,80.34
EXC-8387,TX2415600,ORPHANED_LEDGER_RECORD,-187.68,revenue-accounting,2024-12-26,2024-12-26 10:00:00,2024-12-30 06:09:42.818436887,44.16
EXC-8388,TX2415731,ORPHANED_GATEWAY_RECORD,148.19,finance-ops-recon,2024-12-18,2024-12-18 10:00:00,2024-12-19 00:22:53.384093721,14.38
EXC-8389,TX2415735,TIMING_MISMATCH_TIMEZONE,0.0,finance-ops-recon,2024-12-20,2024-12-20 10:00:00,2024-12-20 10:10:16.680299580,0.17
EXC-8390,TX2415750,FEE_VARIANCE_BREACH,-1.2,payments-partnerships,2024-12-20,2024-12-20 10:00:00,2024-12-27 08:07:46.264272684,118.13
EXC-8391,TX2415772,TIMING_MISMATCH_TIMEZONE,0.0,finance-ops-recon,2024-12-16,2024-12-16 10:00:00,2024-12-16 10:13:28.634463613,0.22
EXC-8392,TX2415802,TIMING_MISMATCH_TIMEZONE,0.0,finance-ops-recon,2024-12-04,2024-12-04 10:00:00,2024-12-04 10:06:47.162437289,0.11
EXC-8393,TX2415866,ORPHANED_GATEWAY_RECORD,226.32,finance-ops-recon,2024-12-16,2024-12-16 10:00:00,2024-12-17 13:16:49.729847755,27.28
EXC-8394,TX2415938,TIMING_MISMATCH_TIMEZONE,0.0,finance-ops-recon,2024-12-23,2024-12-23 10:00:00,2024-12-23 10:09:24.150976952,0.16
EXC-8395,TX2415990,TIMING_MISMATCH_TIMEZONE,0.0,finance-ops-recon,2024-12-31,2024-12-31 10:00:00,2024-12-31 10:11:38.336400896,0.19
EXC-8396,TX2416007,FEE_VARIANCE_BREACH,-4.22,payments-partnerships,2024-12-05,2024-12-05 10:00:00,2024-12-09 10:13:32.861241879,48.23
EXC-8397,TX2416061,ORPHANED_GATEWAY_RECORD,67.3,finance-ops-recon,2024-12-11,2024-12-11 10:00:00,2024-12-13 00:25:53.579845494,38.43
EXC-8398,TX2416071,TIMING_MISMATCH_TIMEZONE,0.0,finance-ops-recon,2024-12-31,2024-12-31 10:00:00,2024-12-31 10:17:07.421291539,0.29
EXC-8399,TX2416092,TIMING_MISMATCH_TIMEZONE,0.0,finance-ops-recon,2024-12-31,2024-12-31 10:00:00,2024-12-31 10:15:13.023154334,0.25
EXC-8400,TX2416127,TIMING_MISMATCH_TIMEZONE,0.0,finance-ops-recon,2024-12-26,2024-12-26 10:00:00,2024-12-26 10:16:00.821533535,0.27
EXC-8401,TX2416145,TIMING_MISMATCH_TIMEZONE,0.0,finance-ops-recon,2024-12-16,2024-12-16 10:00:00,2024-12-16 10:07:01.804306485,0.12
EXC-8402,TX2416165,TIMING_MISMATCH_TIMEZONE,0.0,finance-ops-recon,2024-12-23,2024-12-23 10:00:00,2024-12-23 10:08:17.915320947,0.14
EXC-8403,TX2416217,ORPHANED_GATEWAY_RECORD,93.67,finance-ops-recon,2024-12-10,2024-12-10 10:00:00,2024-12-11 13:21:12.587609118,27.35
EXC-8404,TX2416257,ORPHANED_GATEWAY_RECORD,386.39,finance-ops-recon,2024-12-02,2024-12-02 10:00:00,2024-12-03 08:13:15.042556919,22.22
EXC-8405,TX2416268,TIMING_MISMATCH_TIMEZONE,0.0,finance-ops-recon,2024-12-10,2024-12-10 10:00:00,2024-12-10 10:14:38.986666362,0.24
EXC-8406,TX2416286,ORPHANED_GATEWAY_RECORD,449.08,finance-ops-recon,2024-12-12,2024-12-12 10:00:00,2024-12-13 07:20:55.652835757,21.35
EXC-8407,TX2416370,UNCLASSIFIED_VARIANCE,-3.0,recon-lead,2024-12-31,2024-12-31 10:00:00,2025-01-02 06:53:45.010842252,44.9
EXC-8408,TX2416416,FEE_VARIANCE_BREACH,-2.2,payments-partnerships,2024-12-26,2024-12-26 10:00:00,2024-12-30 00:26:54.730177743,38.45
EXC-8409,TX2416513,TIMING_MISMATCH_TIMEZONE,0.0,finance-ops-recon,2024-12-23,2024-12-23 10:00:00,2024-12-23 10:22:27.975705371,0.37
EXC-8410,TX2416534,UNCLASSIFIED_VARIANCE,-45.0,recon-lead,2024-12-23,2024-12-23 10:00:00,2024-12-24 11:14:21.048303625,25.24
EXC-8411,TX2416591,ORPHANED_GATEWAY_RECORD,227.81,finance-ops-recon,2024-12-10,2024-12-10 10:00:00,2024-12-12 21:37:01.043143566,59.62
EXC-8412,TX2416648,TIMING_MISMATCH_TIMEZONE,0.0,finance-ops-recon,2024-12-23,2024-12-23 10:00:00,2024-12-23 10:09:11.162656216,0.15
EXC-8413,TX2416661,TIMING_MISMATCH_TIMEZONE,0.0,finance-ops-recon,2025-01-02,2025-01-02 10:00:00,2025-01-02 10:07:25.195859908,0.12
EXC-8414,TX2416676,FEE_VARIANCE_BREACH,-1.79,payments-partnerships,2024-12-04,2024-12-04 10:00:00,2024-12-10 05:11:33.649617482,91.19
EXC-8415,TX2416722,TIMING_MISMATCH_TIMEZONE,0.0,finance-ops-recon,2024-12-11,2024-12-11 10:00:00,2024-12-11 10:08:01.421935148,0.13
EXC-8416,TX2416742,FEE_VARIANCE_BREACH,-1.85,payments-partnerships,2025-01-01,2025-01-01 10:00:00,2025-01-03 14:51:55.235460081,52.87
EXC-8417,TX2416746,ORPHANED_GATEWAY_RECORD,627.11,finance-ops-recon,2024-12-06,2024-12-06 10:00:00,2024-12-09 18:04:13.818402848,32.07
EXC-8418,TX2416838,ORPHANED_GATEWAY_RECORD,980.19,finance-ops-recon,2024-12-16,2024-12-16 10:00:00,2024-12-19 07:24:58.967689452,69.42
EXC-8419,TX2416857,ORPHANED_LEDGER_RECORD,-34.58,revenue-accounting,2024-12-10,2024-12-10 10:00:00,2024-12-10 23:10:06.093893164,13.17
EXC-8420,TX2416959,TIMING_MISMATCH_TIMEZONE,0.0,finance-ops-recon,2024-12-18,2024-12-18 10:00:00,2024-12-18 10:03:00.000000000,0.05
EXC-8421,TX2416961,FEE_VARIANCE_BREACH,-1.24,payments-partnerships,2024-12-16,2024-12-16 10:00:00,2024-12-19 17:45:54.695785689,79.77
EXC-8422,TX2417041,TIMING_MISMATCH_TIMEZONE,0.0,finance-ops-recon,2024-12-24,2024-12-24 10:00:00,2024-12-24 10:11:10.553595115,0.19
EXC-8423,TX2417046,TIMING_MISMATCH_TIMEZONE,0.0,finance-ops-recon,2024-12-13,2024-12-13 10:00:00,2024-12-13 10:05:09.255107637,0.09
EXC-8424,TX2417055,ORPHANED_GATEWAY_RECORD,509.79,finance-ops-recon,2025-01-01,2025-01-01 10:00:00,2025-01-02 10:54:43.565266906,24.91
EXC-8425,TX2417082,ORPHANED_LEDGER_RECORD,-460.9,revenue-accounting,2024-12-20,2024-12-20 10:00:00,2024-12-23 08:15:26.638452190,22.26
EXC-8426,TX2417101,TIMING_MISMATCH_TIMEZONE,0.0,finance-ops-recon,2024-12-12,2024-12-12 10:00:00,2024-12-12 10:16:12.461555808,0.27
EXC-8427,TX2417135,TIMING_MISMATCH_TIMEZONE,0.0,finance-ops-recon,2024-12-03,2024-12-03 10:00:00,2024-12-03 10:09:47.043411130,0.16
EXC-8428,TX2417140,TIMING_MISMATCH_TIMEZONE,0.0,finance-ops-recon,2024-12-11,2024-12-11 10:00:00,2024-12-11 10:04:50.644344032,0.08
EXC-8429,TX2417145,TIMING_MISMATCH_TIMEZONE,0.0,finance-ops-recon,2024-12-16,2024-12-16 10:00:00,2024-12-16 10:10:02.899613488,0.17
EXC-8430,TX2417146,ORPHANED_LEDGER_RECORD,-52.36,revenue-accounting,2024-12-16,2024-12-16 10:00:00,2024-12-19 07:53:51.731152941,69.9
EXC-8431,TX2417163,ORPHANED_GATEWAY_RECORD,62.04,finance-ops-recon,2024-12-02,2024-12-02 10:00:00,2024-12-02 13:44:58.506145208,3.75
EXC-8432,TX2417181,FEE_VARIANCE_BREACH,-2.08,payments-partnerships,2024-12-30,2024-12-30 10:00:00,2025-01-03 02:03:43.202922781,88.06
EXC-8433,TX2417295,TIMING_MISMATCH_TIMEZONE,0.0,finance-ops-recon,2024-12-17,2024-12-17 10:00:00,2024-12-17 10:24:17.185993824,0.4
EXC-8434,TX2417307,TIMING_MISMATCH_TIMEZONE,0.0,finance-ops-recon,2025-01-03,2025-01-03 10:00:00,2025-01-03 10:08:20.073420210,0.14
EXC-8435,TX2417318,TIMING_MISMATCH_TIMEZONE,0.0,finance-ops-recon,2024-12-27,2024-12-27 10:00:00,2024-12-27 10:16:07.801040395,0.27
EXC-8436,TX2417360,TIMING_MISMATCH_TIMEZONE,0.0,finance-ops-recon,2024-12-16,2024-12-16 10:00:00,2024-12-16 10:19:35.769025302,0.33
EXC-8437,TX2417370,FEE_VARIANCE_BREACH,-0.61,payments-partnerships,2024-12-31,2024-12-31 10:00:00,2025-01-03 14:14:25.295804217,76.24
EXC-8438,TX2417385,TIMING_MISMATCH_TIMEZONE,0.0,finance-ops-recon,2024-12-23,2024-12-23 10:00:00,2024-12-23 10:03:00.000000000,0.05
EXC-8439,TX2417391,TIMING_MISMATCH_TIMEZONE,0.0,finance-ops-recon,2024-12-10,2024-12-10 10:00:00,2024-12-10 10:03:57.619731845,0.07
EXC-8440,TX2417463,TIMING_MISMATCH_TIMEZONE,0.0,finance-ops-recon,2024-12-09,2024-12-09 10:00:00,2024-12-09 10:03:00.000000000,0.05
EXC-8441,TX2417566,TIMING_MISMATCH_TIMEZONE,0.0,finance-ops-recon,2024-12-04,2024-12-04 10:00:00,2024-12-04 10:22:15.966185789,0.37
EXC-8442,TX2417631,FEE_VARIANCE_BREACH,-2.68,payments-partnerships,2024-12-31,2024-12-31 10:00:00,,
EXC-8443,TX2417644,ORPHANED_LEDGER_RECORD,-342.0,revenue-accounting,2024-12-25,2024-12-25 10:00:00,2024-12-30 15:36:10.035199072,77.6
EXC-8444,TX2417655,TIMING_MISMATCH_TIMEZONE,0.0,finance-ops-recon,2024-12-30,2024-12-30 10:00:00,2024-12-30 10:13:19.533393618,0.22
EXC-8445,TX2417678,TIMING_MISMATCH_TIMEZONE,0.0,finance-ops-recon,2024-12-10,2024-12-10 10:00:00,2024-12-10 10:15:11.783044416,0.25
EXC-8446,TX2417734,TIMING_MISMATCH_TIMEZONE,0.0,finance-ops-recon,2024-12-30,2024-12-30 10:00:00,2024-12-30 10:07:51.359969054,0.13
EXC-8447,TX2417735,FEE_VARIANCE_BREACH,-1.72,payments-partnerships,2024-12-25,2024-12-25 10:00:00,2024-12-31 08:00:53.364867151,94.01
EXC-8448,TX2417816,TIMING_MISMATCH_TIMEZONE,0.0,finance-ops-recon,2024-12-24,2024-12-24 10:00:00,2024-12-24 10:09:26.629127881,0.16
EXC-8449,TX2417831,ORPHANED_GATEWAY_RECORD,110.7,finance-ops-recon,2024-12-16,2024-12-16 10:00:00,2024-12-17 10:41:43.362648165,24.7
EXC-8450,TX2417867,FEE_VARIANCE_BREACH,-1.13,payments-partnerships,2024-12-24,2024-12-24 10:00:00,2024-12-31 00:32:53.366621625,110.55
EXC-8451,TX2417909,TIMING_MISMATCH_TIMEZONE,0.0,finance-ops-recon,2024-12-16,2024-12-16 10:00:00,2024-12-16 10:12:20.627768515,0.21
EXC-8452,TX2417924,FEE_VARIANCE_BREACH,-5.5,payments-partnerships,2024-12-23,2024-12-23 10:00:00,2024-12-27 01:32:18.686032528,87.54
EXC-8453,TX2417968,ORPHANED_GATEWAY_RECORD,1820.14,finance-ops-recon,2024-12-12,2024-12-12 10:00:00,2024-12-12 13:13:52.629047573,3.23
EXC-8454,TX2418022,TIMING_MISMATCH_TIMEZONE,0.0,finance-ops-recon,2024-12-10,2024-12-10 10:00:00,2024-12-10 10:10:15.550973221,0.17
EXC-8455,TX2418105,FEE_VARIANCE_BREACH,-1.96,payments-partnerships,2024-12-03,2024-12-03 10:00:00,2024-12-06 18:15:57.936382513,80.27
EXC-8456,TX2418165,TIMING_MISMATCH_TIMEZONE,0.0,finance-ops-recon,2024-12-16,2024-12-16 10:00:00,2024-12-16 10:03:00.000000000,0.05
EXC-8457,TX2418177,TIMING_MISMATCH_TIMEZONE,0.0,finance-ops-recon,2024-12-12,2024-12-12 10:00:00,2024-12-12 10:06:56.796437521,0.12
EXC-8458,TX2418271,ORPHANED_LEDGER_RECORD,-1134.42,revenue-accounting,2024-12-11,2024-12-11 10:00:00,2024-12-13 18:43:20.809449153,56.72
EXC-8459,TX2418344,TIMING_MISMATCH_TIMEZONE,0.0,finance-ops-recon,2024-12-16,2024-12-16 10:00:00,2024-12-16 10:04:50.811728954,0.08
EXC-8460,TX2418356,ORPHANED_GATEWAY_RECORD,243.9,finance-ops-recon,2024-12-31,2024-12-31 10:00:00,2025-01-01 21:30:59.645770617,35.52
EXC-8461,TX2418406,TIMING_MISMATCH_TIMEZONE,0.0,finance-ops-recon,2024-12-25,2024-12-25 10:00:00,2024-12-25 10:11:39.247621734,0.19
EXC-8462,TX2418455,FEE_VARIANCE_BREACH,-2.51,payments-partnerships,2024-12-30,2024-12-30 10:00:00,2025-01-03 20:38:43.257295833,106.65
EXC-8463,TX2418467,TIMING_MISMATCH_TIMEZONE,0.0,finance-ops-recon,2024-12-04,2024-12-04 10:00:00,2024-12-04 10:03:44.222641153,0.06
EXC-8464,TX2418469,TIMING_MISMATCH_TIMEZONE,0.0,finance-ops-recon,2024-12-13,2024-12-13 10:00:00,2024-12-13 10:14:47.718119542,0.25
EXC-8465,TX2418492,TIMING_MISMATCH_TIMEZONE,0.0,finance-ops-recon,2024-12-30,2024-12-30 10:00:00,2024-12-30 10:12:04.383220887,0.2
EXC-8466,TX2418546,TIMING_MISMATCH_TIMEZONE,0.0,finance-ops-recon,2024-12-31,2024-12-31 10:00:00,2024-12-31 10:03:26.231318201,0.06
EXC-8467,TX2418616,TIMING_MISMATCH_TIMEZONE,0.0,finance-ops-recon,2024-12-24,2024-12-24 10:00:00,2024-12-24 10:09:02.810991475,0.15
EXC-8468,TX2418634,TIMING_MISMATCH_TIMEZONE,0.0,finance-ops-recon,2024-12-09,2024-12-09 10:00:00,2024-12-09 10:20:47.192280495,0.35
EXC-8469,TX2418635,TIMING_MISMATCH_TIMEZONE,0.0,finance-ops-recon,2024-12-23,2024-12-23 10:00:00,2024-12-23 10:09:04.752890297,0.15
EXC-8470,TX2418677,ORPHANED_GATEWAY_RECORD,182.1,finance-ops-recon,2024-12-09,2024-12-09 10:00:00,2024-12-11 06:39:08.321077887,44.65
EXC-8471,TX2418698,TIMING_MISMATCH_TIMEZONE,0.0,finance-ops-recon,2024-12-18,2024-12-18 10:00:00,2024-12-18 10:10:16.114955380,0.17
EXC-8472,TX2418699,TIMING_MISMATCH_TIMEZONE,0.0,finance-ops-recon,2024-12-30,2024-12-30 10:00:00,2024-12-30 10:08:58.414063816,0.15
EXC-8473,TX2418791,FEE_VARIANCE_BREACH,-2.55,payments-partnerships,2024-12-24,2024-12-24 10:00:00,2024-12-26 21:58:55.940720684,59.98
EXC-8474,TX2418823,TIMING_MISMATCH_TIMEZONE,0.0,finance-ops-recon,2024-12-30,2024-12-30 10:00:00,2024-12-30 10:12:21.685534534,0.21
EXC-8475,TX2418859,UNCLASSIFIED_VARIANCE,-7.5,recon-lead,2024-12-30,2024-12-30 10:00:00,2024-12-31 19:25:42.284552774,33.43
EXC-8476,TX2418866,TIMING_MISMATCH_TIMEZONE,0.0,finance-ops-recon,2025-01-02,2025-01-02 10:00:00,2025-01-02 10:13:23.572197019,0.22
EXC-8477,TX2418889,TIMING_MISMATCH_TIMEZONE,0.0,finance-ops-recon,2025-01-01,2025-01-01 10:00:00,2025-01-01 10:17:03.254596070,0.28
EXC-8478,TX2418954,TIMING_MISMATCH_TIMEZONE,-0.01,finance-ops-recon,2024-12-12,2024-12-12 10:00:00,2024-12-12 10:11:47.154470284,0.2
EXC-8479,TX2418969,TIMING_MISMATCH_TIMEZONE,0.0,finance-ops-recon,2024-12-23,2024-12-23 10:00:00,2024-12-23 10:12:50.862001248,0.21
EXC-8480,TX2418978,TIMING_MISMATCH_TIMEZONE,0.0,finance-ops-recon,2024-12-16,2024-12-16 10:00:00,2024-12-16 10:12:29.752099150,0.21
EXC-8481,TX2418993,TIMING_MISMATCH_TIMEZONE,0.0,finance-ops-recon,2024-12-30,2024-12-30 10:00:00,2024-12-30 10:08:41.463647856,0.14
EXC-8482,TX2419002,TIMING_MISMATCH_TIMEZONE,0.0,finance-ops-recon,2024-12-06,2024-12-06 10:00:00,2024-12-06 10:04:26.541389711,0.07
EXC-8483,TX2419025,TIMING_MISMATCH_TIMEZONE,0.0,finance-ops-recon,2024-12-23,2024-12-23 10:00:00,2024-12-23 10:10:35.951893397,0.18
EXC-8484,TX2419028,TIMING_MISMATCH_TIMEZONE,0.0,finance-ops-recon,2024-12-09,2024-12-09 10:00:00,2024-12-09 10:03:27.215351505,0.06
EXC-8485,TX2419043,TIMING_MISMATCH_TIMEZONE,0.0,finance-ops-recon,2024-12-30,2024-12-30 10:00:00,2024-12-30 10:09:40.029446285,0.16
EXC-8486,TX2419051,ORPHANED_GATEWAY_RECORD,68.25,finance-ops-recon,2024-12-23,2024-12-23 10:00:00,2024-12-24 16:11:38.448844357,30.19
EXC-8487,TX2419062,TIMING_MISMATCH_TIMEZONE,0.0,finance-ops-recon,2024-12-16,2024-12-16 10:00:00,2024-12-16 10:10:08.324876556,0.17
EXC-8488,TX2419094,TIMING_MISMATCH_TIMEZONE,0.0,finance-ops-recon,2024-12-16,2024-12-16 10:00:00,2024-12-16 10:14:37.145635690,0.24
EXC-8489,TX2419105,TIMING_MISMATCH_TIMEZONE,0.0,finance-ops-recon,2024-12-25,2024-12-25 10:00:00,2024-12-25 10:15:03.813945471,0.25
EXC-8490,TX2419107,TIMING_MISMATCH_TIMEZONE,0.0,finance-ops-recon,2024-12-26,2024-12-26 10:00:00,2024-12-26 10:16:31.710046136,0.28
EXC-8491,TX2419124,TIMING_MISMATCH_TIMEZONE,0.0,finance-ops-recon,2025-01-02,2025-01-02 10:00:00,2025-01-02 10:22:44.220355190,0.38
EXC-8492,TX2419175,ORPHANED_LEDGER_RECORD,-165.52,revenue-accounting,2024-12-24,2024-12-24 10:00:00,2024-12-27 04:32:47.707197278,66.55
EXC-8493,TX2419182,TIMING_MISMATCH_TIMEZONE,0.0,finance-ops-recon,2024-12-19,2024-12-19 10:00:00,2024-12-19 10:06:20.762717437,0.11
EXC-8494,TX2419197,TIMING_MISMATCH_TIMEZONE,0.0,finance-ops-recon,2024-12-13,2024-12-13 10:00:00,2024-12-13 10:06:29.416105401,0.11
EXC-8495,TX2419224,FEE_VARIANCE_BREACH,-3.5,payments-partnerships,2024-12-04,2024-12-04 10:00:00,2024-12-10 22:28:22.805851681,108.47
EXC-8496,TX2419232,TIMING_MISMATCH_TIMEZONE,0.0,finance-ops-recon,2024-12-16,2024-12-16 10:00:00,2024-12-16 10:24:15.786072327,0.4
EXC-8497,TX2419265,TIMING_MISMATCH_TIMEZONE,0.0,finance-ops-recon,2024-12-16,2024-12-16 10:00:00,2024-12-16 10:16:17.345430930,0.27
EXC-8498,TX2419365,FEE_VARIANCE_BREACH,-1.28,payments-partnerships,2024-12-16,2024-12-16 10:00:00,2024-12-23 01:51:21.020712613,111.86
EXC-8499,TX2419367,FEE_VARIANCE_BREACH,-1.11,payments-partnerships,2025-01-01,2025-01-01 10:00:00,,
EXC-8500,TX2419368,TIMING_MISMATCH_TIMEZONE,0.0,finance-ops-recon,2024-12-30,2024-12-30 10:00:00,2024-12-30 10:13:27.039800771,0.22
EXC-8501,TX2419400,FEE_VARIANCE_BREACH,-1.19,payments-partnerships,2024-12-04,2024-12-04 10:00:00,2024-12-11 05:18:57.621309295,115.32
EXC-8502,TX2419407,TIMING_MISMATCH_TIMEZONE,-0.36,finance-ops-recon,2024-12-23,2024-12-23 10:00:00,2024-12-23 10:11:35.484540033,0.19
EXC-8503,TX2419473,TIMING_MISMATCH_TIMEZONE,0.0,finance-ops-recon,2024-12-24,2024-12-24 10:00:00,2024-12-24 10:13:42.898507228,0.23
EXC-8504,TX2419497,TIMING_MISMATCH_TIMEZONE,0.0,finance-ops-recon,2024-12-26,2024-12-26 10:00:00,2024-12-26 10:09:57.336986893,0.17
EXC-8505,TX2419518,UNCLASSIFIED_VARIANCE,-12.0,recon-lead,2024-12-13,2024-12-13 10:00:00,2024-12-17 10:03:35.701331450,48.06
EXC-8506,TX2419551,TIMING_MISMATCH_TIMEZONE,0.0,finance-ops-recon,2025-01-01,2025-01-01 10:00:00,2025-01-01 10:15:04.421871299,0.25
EXC-8507,TX2419574,TIMING_MISMATCH_TIMEZONE,0.0,finance-ops-recon,2024-12-16,2024-12-16 10:00:00,2024-12-16 10:16:56.316421794,0.28
EXC-8508,TX2419582,ORPHANED_GATEWAY_RECORD,58.02,finance-ops-recon,2024-12-31,2024-12-31 10:00:00,2025-01-01 19:49:06.432387538,33.82
EXC-8509,TX2419680,TIMING_MISMATCH_TIMEZONE,0.0,finance-ops-recon,2024-12-18,2024-12-18 10:00:00,2024-12-18 10:03:00.000000000,0.05
EXC-8510,TX2419685,FEE_VARIANCE_BREACH,-1.3,payments-partnerships,2024-12-20,2024-12-20 10:00:00,2024-12-24 03:21:50.345380699,41.36
EXC-8511,TX2419709,TIMING_MISMATCH_TIMEZONE,0.0,finance-ops-recon,2024-12-10,2024-12-10 10:00:00,2024-12-10 10:11:03.243081496,0.18
EXC-8512,TX2419725,TIMING_MISMATCH_TIMEZONE,0.0,finance-ops-recon,2024-12-23,2024-12-23 10:00:00,2024-12-23 10:07:44.152109359,0.13
EXC-8513,TX2419744,UNCLASSIFIED_VARIANCE,-12.0,recon-lead,2024-12-12,2024-12-12 10:00:00,2024-12-12 15:46:39.943064385,5.78
EXC-8514,TX2419753,TIMING_MISMATCH_TIMEZONE,0.0,finance-ops-recon,2024-12-20,2024-12-20 10:00:00,2024-12-20 10:17:58.782484367,0.3
EXC-8515,TX2419773,TIMING_MISMATCH_TIMEZONE,0.0,finance-ops-recon,2024-12-25,2024-12-25 10:00:00,2024-12-25 10:09:53.954788069,0.16
EXC-8516,TX2419784,FEE_VARIANCE_BREACH,-0.91,payments-partnerships,2024-12-11,2024-12-11 10:00:00,2024-12-11 11:41:25.435552985,1.69
EXC-8517,TX2419807,TIMING_MISMATCH_TIMEZONE,0.0,finance-ops-recon,2024-12-27,2024-12-27 10:00:00,2024-12-27 10:20:22.505002650,0.34
EXC-8518,TX2419834,TIMING_MISMATCH_TIMEZONE,0.0,finance-ops-recon,2024-12-27,2024-12-27 10:00:00,2024-12-27 10:19:27.142816733,0.32
EXC-8519,TX2419858,FEE_VARIANCE_BREACH,-0.75,payments-partnerships,2024-12-23,2024-12-23 10:00:00,2024-12-27 05:36:41.412234640,91.61
EXC-8520,TX2419872,TIMING_MISMATCH_TIMEZONE,0.0,finance-ops-recon,2024-12-23,2024-12-23 10:00:00,2024-12-23 10:07:08.022370292,0.12
EXC-8521,TX2419881,TIMING_MISMATCH_TIMEZONE,0.0,finance-ops-recon,2024-12-16,2024-12-16 10:00:00,2024-12-16 10:16:17.578899493,0.27
EXC-8522,TX2419917,TIMING_MISMATCH_TIMEZONE,0.0,finance-ops-recon,2024-12-05,2024-12-05 10:00:00,2024-12-05 10:08:25.440432015,0.14
EXC-8523,TX2419988,ORPHANED_LEDGER_RECORD,-201.73,revenue-accounting,2024-12-25,2024-12-25 10:00:00,2024-12-26 11:13:16.110493507,25.22
EXC-8524,TX2419989,FEE_VARIANCE_BREACH,-1.81,payments-partnerships,2024-12-16,2024-12-16 10:00:00,2024-12-24 18:35:13.883268514,152.59
EXC-8525,TX2420001,FEE_VARIANCE_BREACH,-0.7,payments-partnerships,2024-12-23,2024-12-23 10:00:00,2024-12-30 14:24:40.241664572,124.41
EXC-8526,TX2420005,FEE_VARIANCE_BREACH,-5.44,payments-partnerships,2024-12-18,2024-12-18 10:00:00,2024-12-24 00:45:15.773734766,86.75
EXC-8527,TX2420021,FEE_VARIANCE_BREACH,-1.04,payments-partnerships,2024-12-13,2024-12-13 10:00:00,2024-12-23 00:58:36.431067626,134.98
EXC-8528,TX2420028,ORPHANED_GATEWAY_RECORD,632.65,finance-ops-recon,2024-12-16,2024-12-16 10:00:00,2024-12-18 05:19:45.193696085,43.33
EXC-8529,TX2420122,TIMING_MISMATCH_TIMEZONE,0.0,finance-ops-recon,2024-12-27,2024-12-27 10:00:00,2024-12-27 10:05:28.235821118,0.09
EXC-8530,TX2420127,TIMING_MISMATCH_TIMEZONE,0.0,finance-ops-recon,2024-12-11,2024-12-11 10:00:00,2024-12-11 10:24:23.642895201,0.41
EXC-8531,TX2420148,TIMING_MISMATCH_TIMEZONE,0.0,finance-ops-recon,2024-12-16,2024-12-16 10:00:00,2024-12-16 10:03:00.000000000,0.05
EXC-8532,TX2420179,TIMING_MISMATCH_TIMEZONE,0.0,finance-ops-recon,2024-12-20,2024-12-20 10:00:00,2024-12-20 10:03:00.000000000,0.05
EXC-8533,TX2420227,FEE_VARIANCE_BREACH,-3.8,payments-partnerships,2024-12-25,2024-12-25 10:00:00,2025-01-01 19:21:29.084093107,129.36
EXC-8534,TX2420319,ORPHANED_GATEWAY_RECORD,53.17,finance-ops-recon,2024-12-30,2024-12-30 10:00:00,2025-01-01 08:26:55.811373506,46.45
EXC-8535,TX2420344,TIMING_MISMATCH_TIMEZONE,0.0,finance-ops-recon,2024-12-17,2024-12-17 10:00:00,2024-12-17 10:09:59.549587766,0.17
EXC-8536,TX2420355,TIMING_MISMATCH_TIMEZONE,0.0,finance-ops-recon,2024-12-27,2024-12-27 10:00:00,2024-12-27 10:10:00.572127230,0.17
EXC-8537,TX2420372,FEE_VARIANCE_BREACH,-3.48,payments-partnerships,2024-12-26,2024-12-26 10:00:00,2025-01-01 15:40:25.602679921,101.67
EXC-8538,TX2420384,FEE_VARIANCE_BREACH,-1.6,payments-partnerships,2024-12-05,2024-12-05 10:00:00,2024-12-11 09:51:15.961836657,95.85
EXC-8539,TX2420398,TIMING_MISMATCH_TIMEZONE,0.0,finance-ops-recon,2024-12-11,2024-12-11 10:00:00,2024-12-11 10:16:25.019267790,0.27
EXC-8540,TX2420603,ORPHANED_LEDGER_RECORD,-419.92,revenue-accounting,2024-12-10,2024-12-10 10:00:00,2024-12-16 17:35:15.979399786,103.59
EXC-8541,TX2420612,TIMING_MISMATCH_TIMEZONE,0.0,finance-ops-recon,2024-12-20,2024-12-20 10:00:00,2024-12-20 10:06:32.854055677,0.11
EXC-8542,TX2420617,FEE_VARIANCE_BREACH,-1.75,payments-partnerships,2024-12-09,2024-12-09 10:00:00,2024-12-12 18:00:36.103481647,80.01
EXC-8543,TX2420703,TIMING_MISMATCH_TIMEZONE,0.0,finance-ops-recon,2024-12-04,2024-12-04 10:00:00,2024-12-04 10:19:29.119500219,0.32
EXC-8544,TX2420734,FEE_VARIANCE_BREACH,-2.37,payments-partnerships,2024-12-30,2024-12-30 10:00:00,2025-01-02 21:27:59.617127727,83.47
EXC-8545,TX2420759,FEE_VARIANCE_BREACH,-2.78,payments-partnerships,2024-12-03,2024-12-03 10:00:00,2024-12-10 04:59:55.002349685,115.0
EXC-8546,TX2420796,FEE_VARIANCE_BREACH,-0.57,payments-partnerships,2024-12-06,2024-12-06 10:00:00,2024-12-11 13:48:05.636073112,75.8
EXC-8547,TX2420806,FEE_VARIANCE_BREACH,-0.74,payments-partnerships,2024-12-30,2024-12-30 10:00:00,2025-01-02 11:59:51.059628878,74.0
EXC-8548,TX2420908,TIMING_MISMATCH_TIMEZONE,0.0,finance-ops-recon,2024-12-10,2024-12-10 10:00:00,2024-12-10 10:13:40.490063489,0.23
EXC-8549,TX2420954,TIMING_MISMATCH_TIMEZONE,0.0,finance-ops-recon,2024-12-11,2024-12-11 10:00:00,2024-12-11 10:04:35.395229769,0.08
EXC-8550,TX2421065,TIMING_MISMATCH_TIMEZONE,0.0,finance-ops-recon,2024-12-09,2024-12-09 10:00:00,2024-12-09 10:05:12.131033437,0.09
EXC-8551,TX2421106,ORPHANED_GATEWAY_RECORD,769.84,finance-ops-recon,2024-12-16,2024-12-16 10:00:00,2024-12-17 01:08:38.124099507,15.14
EXC-8552,TX2421138,TIMING_MISMATCH_TIMEZONE,0.0,finance-ops-recon,2024-12-10,2024-12-10 10:00:00,2024-12-10 10:18:52.058000377,0.31
EXC-8553,TX2421147,TIMING_MISMATCH_TIMEZONE,0.0,finance-ops-recon,2024-12-13,2024-12-13 10:00:00,2024-12-13 10:03:00.000000000,0.05
EXC-8554,TX2421153,FEE_VARIANCE_BREACH,-3.88,payments-partnerships,2024-12-16,2024-12-16 10:00:00,2024-12-19 04:49:36.668529077,66.83
EXC-8555,TX2421255,FEE_VARIANCE_BREACH,-2.4,payments-partnerships,2024-12-12,2024-12-12 10:00:00,2024-12-18 18:24:23.642491711,104.41
EXC-8556,TX2421311,TIMING_MISMATCH_TIMEZONE,0.0,finance-ops-recon,2024-12-04,2024-12-04 10:00:00,2024-12-04 10:16:43.912510022,0.28
EXC-8557,TX2421347,TIMING_MISMATCH_TIMEZONE,0.0,finance-ops-recon,2024-12-19,2024-12-19 10:00:00,2024-12-19 10:18:23.104537957,0.31
EXC-8558,TX2421376,FEE_VARIANCE_BREACH,-0.6,payments-partnerships,2024-12-24,2024-12-24 10:00:00,2024-12-30 07:41:55.642346979,93.7
EXC-8559,TX2421380,TIMING_MISMATCH_TIMEZONE,0.0,finance-ops-recon,2024-12-16,2024-12-16 10:00:00,2024-12-16 10:03:05.339528182,0.05
EXC-8560,TX2421392,ORPHANED_GATEWAY_RECORD,553.14,finance-ops-recon,2024-12-31,2024-12-31 10:00:00,2025-01-01 02:06:04.388057607,16.1
EXC-8561,TX2421400,FEE_VARIANCE_BREACH,-0.56,payments-partnerships,2024-12-16,2024-12-16 10:00:00,2024-12-18 05:49:53.997845960,43.83
EXC-8562,TX2421438,TIMING_MISMATCH_TIMEZONE,0.0,finance-ops-recon,2024-12-11,2024-12-11 10:00:00,2024-12-11 10:19:09.831718976,0.32
EXC-8563,TX2421473,ORPHANED_LEDGER_RECORD,-169.9,revenue-accounting,2024-12-09,2024-12-09 10:00:00,2024-12-12 07:38:03.081493266,69.63
EXC-8564,TX2421474,TIMING_MISMATCH_TIMEZONE,0.0,finance-ops-recon,2024-12-30,2024-12-30 10:00:00,2024-12-30 10:06:36.707334109,0.11
EXC-8565,TX2421649,FEE_VARIANCE_BREACH,-0.9,payments-partnerships,2024-12-03,2024-12-03 10:00:00,2024-12-09 19:09:06.081367081,105.15
EXC-8566,TX2421724,TIMING_MISMATCH_TIMEZONE,0.0,finance-ops-recon,2024-12-16,2024-12-16 10:00:00,2024-12-16 10:22:19.653336190,0.37
EXC-8567,TX2421734,FEE_VARIANCE_BREACH,-1.49,payments-partnerships,2024-12-23,2024-12-23 10:00:00,2024-12-26 11:28:40.568519394,73.48
EXC-8568,TX2421739,FEE_VARIANCE_BREACH,-2.05,payments-partnerships,2024-12-03,2024-12-03 10:00:00,2024-12-06 07:57:27.566648920,69.96
EXC-8569,TX2421746,TIMING_MISMATCH_TIMEZONE,0.0,finance-ops-recon,2024-12-18,2024-12-18 10:00:00,2024-12-18 10:03:00.000000000,0.05
EXC-8570,TX2421750,FEE_VARIANCE_BREACH,-0.77,payments-partnerships,2024-12-10,2024-12-10 10:00:00,2024-12-13 14:21:58.044231165,76.37
EXC-8571,TX2421751,TIMING_MISMATCH_TIMEZONE,0.0,finance-ops-recon,2024-12-18,2024-12-18 10:00:00,2024-12-18 10:03:00.000000000,0.05
EXC-8572,TX2421786,TIMING_MISMATCH_TIMEZONE,0.0,finance-ops-recon,2024-12-19,2024-12-19 10:00:00,2024-12-19 10:05:46.756787089,0.1
EXC-8573,TX2421830,ORPHANED_GATEWAY_RECORD,200.97,finance-ops-recon,2024-12-11,2024-12-11 10:00:00,2024-12-12 23:44:26.879822687,37.74
EXC-8574,TX2421831,TIMING_MISMATCH_TIMEZONE,0.0,finance-ops-recon,2024-12-27,2024-12-27 10:00:00,2024-12-27 10:18:13.392056626,0.3
EXC-8575,TX2421852,TIMING_MISMATCH_TIMEZONE,0.0,finance-ops-recon,2024-12-05,2024-12-05 10:00:00,2024-12-05 10:08:51.711252416,0.15
EXC-8576,TX2421857,FEE_VARIANCE_BREACH,-2.95,payments-partnerships,2024-12-17,2024-12-17 10:00:00,2024-12-20 04:55:06.694268973,66.92
EXC-8577,TX2421858,ORPHANED_GATEWAY_RECORD,567.33,finance-ops-recon,2024-12-27,2024-12-27 10:00:00,2024-12-31 00:40:51.360921603,38.68
EXC-8578,TX2421869,TIMING_MISMATCH_TIMEZONE,0.0,finance-ops-recon,2024-12-16,2024-12-16 10:00:00,2024-12-16 10:07:39.408816917,0.13
EXC-8579,TX2421991,ORPHANED_GATEWAY_RECORD,459.57,finance-ops-recon,2024-12-30,2024-12-30 10:00:00,2024-12-31 09:59:26.710730516,23.99
EXC-8580,TX2422205,TIMING_MISMATCH_TIMEZONE,0.0,finance-ops-recon,2024-12-09,2024-12-09 10:00:00,2024-12-09 10:21:59.193685634,0.37
EXC-8581,TX2422226,TIMING_MISMATCH_TIMEZONE,0.0,finance-ops-recon,2025-01-01,2025-01-01 10:00:00,2025-01-01 10:24:24.275883113,0.41
EXC-8582,TX2422272,ORPHANED_LEDGER_RECORD,-195.44,revenue-accounting,2024-12-11,2024-12-11 10:00:00,2024-12-13 11:33:41.358221577,49.56
EXC-8583,TX2422276,ORPHANED_LEDGER_RECORD,-789.23,revenue-accounting,2024-12-04,2024-12-04 10:00:00,2024-12-06 17:38:38.875544063,55.64
EXC-8584,TX2422353,TIMING_MISMATCH_TIMEZONE,0.0,finance-ops-recon,2024-12-06,2024-12-06 10:00:00,2024-12-06 10:04:45.372524476,0.08
EXC-8585,TX2422388,TIMING_MISMATCH_TIMEZONE,0.0,finance-ops-recon,2024-12-18,2024-12-18 10:00:00,2024-12-18 10:16:57.934735140,0.28
EXC-8586,TX2422434,TIMING_MISMATCH_TIMEZONE,0.0,finance-ops-recon,2024-12-25,2024-12-25 10:00:00,2024-12-25 10:16:15.726546331,0.27
EXC-8587,TX2422442,TIMING_MISMATCH_TIMEZONE,0.0,finance-ops-recon,2024-12-09,2024-12-09 10:00:00,2024-12-09 10:14:12.874520833,0.24
EXC-8588,TX2422444,TIMING_MISMATCH_TIMEZONE,0.0,finance-ops-recon,2024-12-16,2024-12-16 10:00:00,2024-12-16 10:08:06.062265175,0.14
EXC-8589,TX2422448,TIMING_MISMATCH_TIMEZONE,0.0,finance-ops-recon,2024-12-25,2024-12-25 10:00:00,2024-12-25 10:14:01.768778884,0.23
EXC-8590,TX2422485,FEE_VARIANCE_BREACH,-2.29,payments-partnerships,2024-12-10,2024-12-10 10:00:00,2024-12-13 00:42:18.873085781,62.71
EXC-8591,TX2422487,TIMING_MISMATCH_TIMEZONE,0.0,finance-ops-recon,2025-01-01,2025-01-01 10:00:00,2025-01-01 10:25:46.149050010,0.43
EXC-8592,TX2422520,TIMING_MISMATCH_TIMEZONE,0.0,finance-ops-recon,2024-12-06,2024-12-06 10:00:00,2024-12-06 10:05:48.356807113,0.1
EXC-8593,TX2422530,TIMING_MISMATCH_TIMEZONE,0.0,finance-ops-recon,2024-12-23,2024-12-23 10:00:00,2024-12-23 10:15:00.721822962,0.25
EXC-8594,TX2422633,FEE_VARIANCE_BREACH,-0.58,payments-partnerships,2024-12-23,2024-12-23 10:00:00,2024-12-27 06:24:48.728842544,92.41
EXC-8595,TX2422681,FEE_VARIANCE_BREACH,-1.08,payments-partnerships,2024-12-16,2024-12-16 10:00:00,2024-12-19 08:40:52.626731774,70.68
EXC-8596,TX2422690,FEE_VARIANCE_BREACH,-1.41,payments-partnerships,2024-12-05,2024-12-05 10:00:00,2024-12-09 01:56:10.158711307,39.94
EXC-8597,TX2422716,TIMING_MISMATCH_TIMEZONE,0.0,finance-ops-recon,2024-12-11,2024-12-11 10:00:00,2024-12-11 10:13:20.577323119,0.22
EXC-8598,TX2422721,TIMING_MISMATCH_TIMEZONE,0.0,finance-ops-recon,2024-12-30,2024-12-30 10:00:00,2024-12-30 10:08:29.545726662,0.14
EXC-8599,TX2422746,FEE_VARIANCE_BREACH,-2.27,payments-partnerships,2024-12-05,2024-12-05 10:00:00,2024-12-11 03:45:15.495540993,89.75
EXC-8600,TX2422753,FEE_VARIANCE_BREACH,-2.81,payments-partnerships,2024-12-30,2024-12-30 10:00:00,2025-01-02 15:59:51.268215451,78.0
EXC-8601,TX2422778,TIMING_MISMATCH_TIMEZONE,0.0,finance-ops-recon,2024-12-10,2024-12-10 10:00:00,2024-12-10 10:19:05.228447420,0.32
EXC-8602,TX2422780,ORPHANED_GATEWAY_RECORD,363.75,finance-ops-recon,2024-12-10,2024-12-10 10:00:00,2024-12-11 18:08:55.603495915,32.15
EXC-8603,TX2422896,TIMING_MISMATCH_TIMEZONE,0.0,finance-ops-recon,2024-12-04,2024-12-04 10:00:00,2024-12-04 10:10:53.588225892,0.18
EXC-8604,TX2422931,TIMING_MISMATCH_TIMEZONE,0.0,finance-ops-recon,2024-12-23,2024-12-23 10:00:00,2024-12-23 10:03:00.000000000,0.05
EXC-8605,TX2422934,TIMING_MISMATCH_TIMEZONE,0.0,finance-ops-recon,2024-12-30,2024-12-30 10:00:00,2024-12-30 10:18:10.293723148,0.3
EXC-8606,TX2423001,FEE_VARIANCE_BREACH,-2.03,payments-partnerships,2024-12-02,2024-12-02 10:00:00,2024-12-06 10:15:36.459424797,96.26
EXC-8607,TX2423003,TIMING_MISMATCH_TIMEZONE,0.0,finance-ops-recon,2024-12-30,2024-12-30 10:00:00,2024-12-30 10:03:00.000000000,0.05
EXC-8608,TX2423030,FEE_VARIANCE_BREACH,-1.56,payments-partnerships,2024-12-10,2024-12-10 10:00:00,2024-12-17 21:32:12.027999121,131.54
EXC-8609,TX2423044,ORPHANED_GATEWAY_RECORD,316.81,finance-ops-recon,2025-01-01,2025-01-01 10:00:00,2025-01-02 01:15:40.326331421,15.26
EXC-8610,TX2423135,ORPHANED_GATEWAY_RECORD,32.38,finance-ops-recon,2024-12-04,2024-12-04 10:00:00,2024-12-05 10:14:15.521266135,24.24
EXC-8611,TX2423149,TIMING_MISMATCH_TIMEZONE,0.0,finance-ops-recon,2024-12-23,2024-12-23 10:00:00,2024-12-23 10:09:13.999533109,0.15
EXC-8612,TX2423166,TIMING_MISMATCH_TIMEZONE,0.0,finance-ops-recon,2024-12-25,2024-12-25 10:00:00,2024-12-25 10:12:57.676982416,0.22
EXC-8613,TX2423218,TIMING_MISMATCH_TIMEZONE,0.0,finance-ops-recon,2024-12-31,2024-12-31 10:00:00,2024-12-31 10:03:00.000000000,0.05
EXC-8614,TX2423225,TIMING_MISMATCH_TIMEZONE,0.0,finance-ops-recon,2024-12-23,2024-12-23 10:00:00,2024-12-23 10:15:54.725775030,0.27
EXC-8615,TX2423228,TIMING_MISMATCH_TIMEZONE,0.0,finance-ops-recon,2024-12-05,2024-12-05 10:00:00,2024-12-05 10:17:07.387532022,0.29
EXC-8616,TX2423232,TIMING_MISMATCH_TIMEZONE,0.0,finance-ops-recon,2024-12-18,2024-12-18 10:00:00,2024-12-18 10:14:45.965407383,0.25
EXC-8617,TX2423241,TIMING_MISMATCH_TIMEZONE,0.0,finance-ops-recon,2024-12-30,2024-12-30 10:00:00,2024-12-30 10:12:29.369503766,0.21
EXC-8618,TX2423295,FEE_VARIANCE_BREACH,-6.21,payments-partnerships,2024-12-20,2024-12-20 10:00:00,2024-12-25 09:08:53.861822795,71.15
EXC-8619,TX2423309,TIMING_MISMATCH_TIMEZONE,0.0,finance-ops-recon,2024-12-05,2024-12-05 10:00:00,2024-12-05 10:05:22.011128963,0.09
EXC-8620,TX2423320,TIMING_MISMATCH_TIMEZONE,0.0,finance-ops-recon,2024-12-16,2024-12-16 10:00:00,2024-12-16 10:12:58.965951637,0.22
EXC-8621,TX2423439,TIMING_MISMATCH_TIMEZONE,0.0,finance-ops-recon,2024-12-23,2024-12-23 10:00:00,2024-12-23 10:05:36.120597930,0.09
EXC-8622,TX2423477,TIMING_MISMATCH_TIMEZONE,0.0,finance-ops-recon,2024-12-17,2024-12-17 10:00:00,2024-12-17 10:06:20.910363009,0.11
EXC-8623,TX2423479,FEE_VARIANCE_BREACH,-2.79,payments-partnerships,2024-12-31,2024-12-31 10:00:00,2025-01-02 11:15:45.233396255,49.26
EXC-8624,TX2423547,TIMING_MISMATCH_TIMEZONE,0.0,finance-ops-recon,2025-01-01,2025-01-01 10:00:00,2025-01-01 10:17:37.797381143,0.29
EXC-8625,TX2423607,ORPHANED_GATEWAY_RECORD,330.43,finance-ops-recon,2024-12-23,2024-12-23 10:00:00,2024-12-24 09:44:21.639531287,23.74
EXC-8626,TX2423617,TIMING_MISMATCH_TIMEZONE,0.0,finance-ops-recon,2025-01-01,2025-01-01 10:00:00,2025-01-01 10:14:54.768989192,0.25
EXC-8627,TX2423685,FEE_VARIANCE_BREACH,-3.14,payments-partnerships,2024-12-16,2024-12-16 10:00:00,2024-12-19 22:29:40.366772763,84.49
EXC-8628,TX2423792,FEE_VARIANCE_BREACH,-3.8,payments-partnerships,2024-12-05,2024-12-05 10:00:00,2024-12-09 21:25:49.176799627,59.43
EXC-8629,TX2423832,FEE_VARIANCE_BREACH,-1.39,payments-partnerships,2024-12-16,2024-12-16 10:00:00,2024-12-20 18:35:22.592914074,104.59
EXC-8630,TX2423877,FEE_VARIANCE_BREACH,-1.32,payments-partnerships,2025-01-01,2025-01-01 10:00:00,2025-01-02 04:13:45.311749133,18.23
EXC-8631,TX2423892,TIMING_MISMATCH_TIMEZONE,0.0,finance-ops-recon,2024-12-20,2024-12-20 10:00:00,2024-12-20 10:10:16.784600612,0.17
EXC-8632,TX2423946,FEE_VARIANCE_BREACH,-8.8,payments-partnerships,2024-12-19,2024-12-19 10:00:00,2024-12-25 03:54:15.649642807,89.9
EXC-8633,TX2423954,ORPHANED_GATEWAY_RECORD,520.15,finance-ops-recon,2024-12-09,2024-12-09 10:00:00,2024-12-10 13:49:43.853326558,27.83
EXC-8634,TX2424033,FEE_VARIANCE_BREACH,-1.15,payments-partnerships,2024-12-05,2024-12-05 10:00:00,2024-12-12 21:43:22.610815290,131.72
EXC-8635,TX2424037,ORPHANED_GATEWAY_RECORD,206.27,finance-ops-recon,2024-12-17,2024-12-17 10:00:00,2024-12-19 01:21:44.999403965,39.36
EXC-8636,TX2424059,TIMING_MISMATCH_TIMEZONE,0.0,finance-ops-recon,2024-12-16,2024-12-16 10:00:00,2024-12-16 10:15:40.886690956,0.26
EXC-8637,TX2424086,FEE_VARIANCE_BREACH,-0.87,payments-partnerships,2024-12-24,2024-12-24 10:00:00,2024-12-27 15:11:36.820819394,77.19
EXC-8638,TX2424276,TIMING_MISMATCH_TIMEZONE,0.0,finance-ops-recon,2024-12-13,2024-12-13 10:00:00,2024-12-13 10:03:00.000000000,0.05
EXC-8639,TX2424358,ORPHANED_GATEWAY_RECORD,95.17,finance-ops-recon,2024-12-09,2024-12-09 10:00:00,2024-12-10 13:11:02.432133228,27.18
EXC-8640,TX2424423,TIMING_MISMATCH_TIMEZONE,0.0,finance-ops-recon,2024-12-23,2024-12-23 10:00:00,2024-12-23 10:08:58.162363137,0.15
EXC-8641,TX2424449,TIMING_MISMATCH_TIMEZONE,0.0,finance-ops-recon,2024-12-23,2024-12-23 10:00:00,2024-12-23 10:15:31.914452950,0.26
EXC-8642,TX2424457,ORPHANED_LEDGER_RECORD,-1164.51,revenue-accounting,2024-12-17,2024-12-17 10:00:00,2024-12-18 20:29:40.262180907,34.49
EXC-8643,TX2424471,FEE_VARIANCE_BREACH,-0.94,payments-partnerships,2024-12-10,2024-12-10 10:00:00,2024-12-17 22:20:49.781907888,132.35
EXC-8644,TX2424492,FEE_VARIANCE_BREACH,-0.91,payments-partnerships,2024-12-23,2024-12-23 10:00:00,2024-12-26 12:06:15.478012570,74.1
EXC-8645,TX2424533,TIMING_MISMATCH_TIMEZONE,0.0,finance-ops-recon,2024-12-25,2024-12-25 10:00:00,2024-12-25 10:19:03.309151133,0.32
EXC-8646,TX2424632,TIMING_MISMATCH_TIMEZONE,0.0,finance-ops-recon,2025-01-02,2025-01-02 10:00:00,2025-01-02 10:11:17.196284908,0.19
EXC-8647,TX2424643,FEE_VARIANCE_BREACH,-0.78,payments-partnerships,2024-12-09,2024-12-09 10:00:00,2024-12-13 20:01:18.757784512,106.02
EXC-8648,TX2424726,FEE_VARIANCE_BREACH,-1.86,payments-partnerships,2024-12-09,2024-12-09 10:00:00,2024-12-16 15:30:22.771988408,125.51
EXC-8649,TX2424727,FEE_VARIANCE_BREACH,-1.02,payments-partnerships,2024-12-30,2024-12-30 10:00:00,2025-01-02 16:52:29.674925080,78.87
EXC-8650,TX2424848,TIMING_MISMATCH_TIMEZONE,0.0,finance-ops-recon,2024-12-09,2024-12-09 10:00:00,2024-12-09 10:03:00.000000000,0.05
EXC-8651,TX2424931,TIMING_MISMATCH_TIMEZONE,0.0,finance-ops-recon,2024-12-30,2024-12-30 10:00:00,2024-12-30 10:16:52.521678120,0.28
EXC-8652,TX2425003,TIMING_MISMATCH_TIMEZONE,0.0,finance-ops-recon,2024-12-23,2024-12-23 10:00:00,2024-12-23 10:11:58.795988239,0.2
EXC-8653,TX2425091,TIMING_MISMATCH_TIMEZONE,0.0,finance-ops-recon,2024-12-05,2024-12-05 10:00:00,2024-12-05 10:10:25.229739411,0.17
EXC-8654,TX2425123,TIMING_MISMATCH_TIMEZONE,0.0,finance-ops-recon,2024-12-24,2024-12-24 10:00:00,2024-12-24 10:13:51.647885189,0.23
EXC-8655,TX2425133,TIMING_MISMATCH_TIMEZONE,0.0,finance-ops-recon,2024-12-09,2024-12-09 10:00:00,2024-12-09 10:19:52.660018392,0.33
EXC-8656,TX2425157,FEE_VARIANCE_BREACH,-1.64,payments-partnerships,2025-01-01,2025-01-01 10:00:00,,
EXC-8657,TX2425195,ORPHANED_LEDGER_RECORD,-238.08,revenue-accounting,2024-12-12,2024-12-12 10:00:00,2024-12-13 16:56:34.251721403,30.94
EXC-8658,TX2425199,ORPHANED_GATEWAY_RECORD,906.34,finance-ops-recon,2024-12-23,2024-12-23 10:00:00,2024-12-24 11:07:59.842629667,25.13
EXC-8659,TX2425203,FEE_VARIANCE_BREACH,-2.11,payments-partnerships,2024-12-19,2024-12-19 10:00:00,2024-12-23 15:46:50.971265045,53.78
EXC-8660,TX2425268,TIMING_MISMATCH_TIMEZONE,0.0,finance-ops-recon,2024-12-09,2024-12-09 10:00:00,2024-12-09 10:14:48.481484200,0.25
EXC-8661,TX2425315,TIMING_MISMATCH_TIMEZONE,0.0,finance-ops-recon,2024-12-04,2024-12-04 10:00:00,2024-12-04 10:22:51.074273297,0.38
EXC-8662,TX2425321,ORPHANED_GATEWAY_RECORD,749.22,finance-ops-recon,2024-12-26,2024-12-26 10:00:00,2024-12-27 14:06:58.444311838,28.12
EXC-8663,TX2425398,UNCLASSIFIED_VARIANCE,-12.0,recon-lead,2024-12-05,2024-12-05 10:00:00,2024-12-06 07:52:46.198707351,21.88
EXC-8664,TX2425427,TIMING_MISMATCH_TIMEZONE,0.0,finance-ops-recon,2024-12-30,2024-12-30 10:00:00,2024-12-30 10:13:55.774597135,0.23
EXC-8665,TX2425475,TIMING_MISMATCH_TIMEZONE,0.0,finance-ops-recon,2024-12-20,2024-12-20 10:00:00,2024-12-20 10:10:24.633078039,0.17
EXC-8666,TX2425502,TIMING_MISMATCH_TIMEZONE,0.0,finance-ops-recon,2024-12-09,2024-12-09 10:00:00,2024-12-09 10:12:37.394187986,0.21
EXC-8667,TX2425542,FEE_VARIANCE_BREACH,-0.6,payments-partnerships,2024-12-09,2024-12-09 10:00:00,2024-12-12 19:29:51.939420198,81.5
EXC-8668,TX2425562,FEE_VARIANCE_BREACH,-6.21,payments-partnerships,2024-12-27,2024-12-27 10:00:00,2025-01-01 18:43:25.967692619,80.72
EXC-8669,TX2425565,ORPHANED_LEDGER_RECORD,-54.24,revenue-accounting,2024-12-16,2024-12-16 10:00:00,2024-12-19 09:40:35.440395115,71.68
EXC-8670,TX2425566,TIMING_MISMATCH_TIMEZONE,0.0,finance-ops-recon,2024-12-30,2024-12-30 10:00:00,2024-12-30 10:07:56.884922627,0.13
EXC-8671,TX2425610,ORPHANED_LEDGER_RECORD,-474.35,revenue-accounting,2024-12-26,2024-12-26 10:00:00,2024-12-30 15:01:28.937847314,53.02
EXC-8672,TX2425684,TIMING_MISMATCH_TIMEZONE,0.0,finance-ops-recon,2024-12-10,2024-12-10 10:00:00,2024-12-10 10:15:37.540419323,0.26
EXC-8673,TX2425692,TIMING_MISMATCH_TIMEZONE,0.0,finance-ops-recon,2024-12-30,2024-12-30 10:00:00,2024-12-30 10:18:48.773762872,0.31
EXC-8674,TX2425702,ORPHANED_GATEWAY_RECORD,123.89,finance-ops-recon,2024-12-09,2024-12-09 10:00:00,2024-12-10 13:33:51.733840871,27.56
EXC-8675,TX2425715,TIMING_MISMATCH_TIMEZONE,0.0,finance-ops-recon,2024-12-26,2024-12-26 10:00:00,2024-12-26 10:20:29.982877995,0.34
EXC-8676,TX2425822,TIMING_MISMATCH_TIMEZONE,0.0,finance-ops-recon,2024-12-05,2024-12-05 10:00:00,2024-12-05 10:11:25.075571006,0.19
EXC-8677,TX2425909,TIMING_MISMATCH_TIMEZONE,0.0,finance-ops-recon,2024-12-23,2024-12-23 10:00:00,2024-12-23 10:08:28.376309109,0.14
EXC-8678,TX2425939,FEE_VARIANCE_BREACH,-2.63,payments-partnerships,2024-12-18,2024-12-18 10:00:00,2024-12-23 22:43:03.130289862,84.72
EXC-8679,TX2425942,TIMING_MISMATCH_TIMEZONE,0.0,finance-ops-recon,2025-01-03,2025-01-03 10:00:00,2025-01-03 10:09:30.128735116,0.16
