transaction_ref,batch_id,payment_rail,gross_amount,gateway_fee,fee_vat_amount,net_amount,settlement_utc
TX2425219,B-20241202,CARD_MC,669.72,17.74,0.89,651.09,2024-12-02 00:18:36+00
TX2401217,B-20241202,CARD_VISA,114.97,3.76,0.19,111.02,2024-12-02 00:22:15+00
TX2413763,B-20241202,CARD_MC,101.18,3.53,0.18,97.47,2024-12-02 00:25:34+00
TX2417901,B-20241202,CARD_VISA,298.21,8.16,0.41,289.64,2024-12-02 00:25:45+00
TX2408336,B-20241202,APPLE_PAY,529.24,14.76,0.74,513.74,2024-12-02 00:27:09+00
TX2402838,B-20241202,CARD_VISA,219.04,6.26,0.31,212.47,2024-12-02 00:32:06+00
TX2420111,B-20241202,CARD_VISA,211.15,6.07,0.3,204.78,2024-12-02 00:34:19+00
TX2405936,B-20241202,UAE_DDS,1891.26,11.35,0.57,1879.34,2024-12-02 00:36:49+00
TX2410813,B-20241202,UAE_DDS,887.78,5.33,0.27,882.18,2024-12-02 00:41:26+00
TX2400457,B-20241202,CARD_MC,1162.07,30.05,1.5,1130.52,2024-12-02 00:44:24+00
TX2412047,B-20241202,CARD_MC,118.8,3.97,0.2,114.63,2024-12-02 00:50:53+00
TX2416489,B-20241202,CARD_MC,113.5,3.84,0.19,109.47,2024-12-02 00:53:28+00
TX2400959,B-20241202,CARD_MC,392.57,10.81,0.54,381.22,2024-12-02 00:53:31+00
TX2421692,B-20241202,APPLE_PAY,202.42,6.26,0.31,195.85,2024-12-02 00:53:41+00
TX2404188,B-20241202,CARD_VISA,453.36,11.88,0.59,440.89,2024-12-02 00:57:43+00
TX2407491,B-20241202,CARD_MC,186.88,5.67,0.28,180.93,2024-12-02 00:59:01+00
TX2400139,B-20241202,CARD_MC,117.29,3.93,0.2,113.16,2024-12-02 01:04:08+00
TX2404632,B-20241202,CARD_VISA,320.59,8.69,0.43,311.47,2024-12-02 01:05:49+00
TX2401153,B-20241202,CARD_VISA,161.37,4.87,0.24,156.26,2024-12-02 01:09:36+00
TX2420863,B-20241202,CARD_MC,294.47,8.36,0.42,285.69,2024-12-02 01:10:13+00
TX2422900,B-20241202,CARD_MC,606.2,16.16,0.81,589.23,2024-12-02 01:10:44+00
TX2408418,B-20241202,UAE_DDS,896.06,5.38,0.27,890.41,2024-12-02 01:14:01+00
TX2401012,B-20241202,CARD_MC,114.71,3.87,0.19,110.65,2024-12-02 01:15:37+00
TX2420936,B-20241202,CARD_VISA,135.85,4.26,0.21,131.38,2024-12-02 01:16:47+00
TX2423495,B-20241202,CARD_VISA,511.14,13.27,0.66,497.21,2024-12-02 01:17:24+00
TX2404887,B-20241202,CARD_VISA,26.39,1.63,0.08,24.68,2024-12-02 01:21:20+00
TX2424259,B-20241202,CARD_MC,405.77,11.14,0.56,394.07,2024-12-02 01:30:44+00
TX2422321,B-20241202,UAE_DDS,27.24,0.16,0.01,27.07,2024-12-02 01:30:46+00
TX2419573,B-20241202,APPLE_PAY,1278.06,34.23,1.71,1242.12,2024-12-02 01:32:09+00
TX2412189,B-20241202,CARD_VISA,256.03,7.14,0.36,248.53,2024-12-02 01:33:07+00
TX2403889,B-20241202,CARD_MC,130.71,4.27,0.21,126.23,2024-12-02 01:33:22+00
TX2403404,B-20241202,CARD_VISA,340.0,9.16,0.46,330.38,2024-12-02 01:34:37+00
TX2410380,B-20241202,CARD_VISA,145.07,4.48,0.22,140.37,2024-12-02 01:34:51+00
TX2403374,B-20241202,CARD_VISA,383.3,10.2,0.51,372.59,2024-12-02 01:35:20+00
TX2405680,B-20241202,CARD_MC,108.31,3.71,0.19,104.41,2024-12-02 01:35:51+00
TX2415085,B-20241202,CARD_VISA,798.33,20.16,1.01,777.16,2024-12-02 01:37:37+00
TX2420221,B-20241202,CARD_MC,297.1,8.43,0.42,288.25,2024-12-02 01:38:27+00
TX2421281,B-20241202,APPLE_PAY,324.92,9.45,0.47,315.0,2024-12-02 01:40:56+00
TX2401071,B-20241202,CARD_VISA,415.33,10.97,0.55,403.81,2024-12-02 01:41:38+00
TX2402644,B-20241202,CARD_VISA,335.56,9.05,0.45,326.06,2024-12-02 01:42:44+00
TX2423111,B-20241202,APPLE_PAY,197.35,6.13,0.31,190.91,2024-12-02 01:53:29+00
TX2401903,B-20241202,APPLE_PAY,1071.43,28.86,1.44,1041.13,2024-12-02 01:54:09+00
TX2419219,B-20241202,AANI,110.18,1.05,0.05,109.08,2024-12-02 01:57:36+00
TX2402804,B-20241202,CARD_VISA,53.14,2.28,0.11,50.75,2024-12-02 01:58:10+00
TX2417891,B-20241202,CARD_MC,108.49,3.71,0.19,104.59,2024-12-02 01:59:00+00
TX2406062,B-20241202,CARD_MC,183.09,5.58,0.28,177.23,2024-12-02 02:01:57+00
TX2414496,B-20241202,CARD_MC,162.85,5.07,0.25,157.53,2024-12-02 02:03:33+00
TX2407548,B-20241202,CARD_MC,82.39,3.06,0.15,79.18,2024-12-02 02:04:16+00
TX2404826,B-20241202,CARD_MC,315.2,8.88,0.44,305.88,2024-12-02 02:07:12+00
TX2413638,B-20241202,CARD_VISA,324.2,8.78,0.44,314.98,2024-12-02 02:08:47+00
TX2409482,B-20241202,CARD_MC,60.16,2.5,0.12,57.54,2024-12-02 02:09:42+00
TX2411205,B-20241202,CARD_VISA,161.71,4.88,0.24,156.59,2024-12-02 02:09:46+00
TX2419986,B-20241202,CARD_MC,521.65,14.04,0.7,506.91,2024-12-02 02:15:34+00
TX2411694,B-20241202,CARD_VISA,79.54,2.91,0.15,76.48,2024-12-02 02:19:48+00
TX2409239,B-20241202,CARD_VISA,3119.03,75.86,3.79,3039.38,2024-12-02 02:20:12+00
TX2412793,B-20241202,CARD_VISA,243.14,6.84,0.34,235.96,2024-12-02 02:21:47+00
TX2411121,B-20241202,CARD_VISA,65.11,2.56,0.13,62.42,2024-12-02 02:22:50+00
TX2410195,B-20241202,APPLE_PAY,175.63,5.57,0.28,169.78,2024-12-02 02:26:03+00
TX2404968,B-20241202,CARD_MC,166.73,5.17,0.26,161.3,2024-12-02 02:27:00+00
TX2424459,B-20241202,UAE_DDS,315.63,1.89,0.09,313.65,2024-12-02 02:27:03+00
TX2411912,B-20241202,CARD_VISA,434.05,11.42,0.57,422.06,2024-12-02 02:28:28+00
TX2425236,B-20241202,CARD_MC,162.45,5.06,0.25,157.14,2024-12-02 02:28:36+00
TX2418526,B-20241202,CARD_VISA,290.72,7.98,0.4,282.34,2024-12-02 02:31:13+00
TX2407631,B-20241202,CARD_MC,153.9,4.85,0.24,148.81,2024-12-02 02:31:39+00
TX2410071,B-20241202,CARD_VISA,164.67,5.78,0.29,158.6,2024-12-02 02:33:35+00
TX2406682,B-20241202,CARD_MC,943.99,24.6,1.23,918.16,2024-12-02 02:34:02+00
TX2405548,B-20241202,CARD_VISA,308.35,8.4,0.42,299.53,2024-12-02 02:34:50+00
TX2422473,B-20241202,CARD_VISA,398.68,10.57,0.53,387.58,2024-12-02 02:35:05+00
TX2407202,B-20241202,CARD_MC,1092.54,28.31,1.42,1062.81,2024-12-02 02:35:54+00
TX2411248,B-20241202,CARD_MC,84.86,3.12,0.16,81.58,2024-12-02 02:37:11+00
TX2410342,B-20241202,UAE_DDS,799.02,4.79,0.24,793.99,2024-12-02 02:38:21+00
TX2415770,B-20241202,CARD_MC,371.78,10.29,0.51,360.98,2024-12-02 02:39:13+00
TX2409240,B-20241202,CARD_VISA,139.57,4.35,0.22,135.0,2024-12-02 02:39:50+00
TX2404327,B-20241202,AANI,32.8,0.66,0.03,32.11,2024-12-02 02:43:16+00
TX2412630,B-20241202,APPLE_PAY,385.12,11.01,0.55,373.56,2024-12-02 02:43:46+00
TX2411752,B-20241202,CARD_VISA,163.53,4.92,0.25,158.36,2024-12-02 02:45:27+00
TX2420993,B-20241202,CARD_VISA,385.27,10.25,0.51,374.51,2024-12-02 02:46:14+00
TX2406475,B-20241202,CARD_MC,797.59,20.94,1.05,775.6,2024-12-02 02:49:04+00
TX2422540,B-20241202,CARD_VISA,124.64,3.99,0.2,120.45,2024-12-02 02:52:22+00
TX2400481,B-20241202,CARD_VISA,154.34,4.7,0.24,149.4,2024-12-02 02:52:41+00
TX2412981,B-20241202,CARD_VISA,1315.79,32.58,1.63,1281.58,2024-12-02 03:03:41+00
TX2421482,B-20241202,CARD_VISA,216.16,6.19,0.31,209.66,2024-12-02 03:04:36+00
TX2410976,B-20241202,UAE_DDS,290.26,1.74,0.09,288.43,2024-12-02 03:09:36+00
TX2404236,B-20241202,CARD_VISA,141.18,4.39,0.22,136.57,2024-12-02 03:11:15+00
TX2412924,B-20241202,CARD_VISA,529.92,13.72,0.69,515.51,2024-12-02 03:12:17+00
TX2423522,B-20241202,APPLE_PAY,90.05,3.34,0.17,86.54,2024-12-02 03:12:32+00
TX2417554,B-20241202,CARD_MC,216.29,6.41,0.32,209.56,2024-12-02 03:13:54+00
TX2407379,B-20241202,APPLE_PAY,907.81,24.6,1.23,881.98,2024-12-02 03:13:56+00
TX2410007,B-20241202,CARD_MC,425.67,11.64,0.58,413.45,2024-12-02 03:15:14+00
TX2416013,B-20241202,CARD_VISA,856.89,21.57,1.08,834.24,2024-12-02 03:18:19+00
TX2411126,B-20241202,APPLE_PAY,108.96,3.83,0.19,104.94,2024-12-02 03:19:55+00
TX2424900,B-20241202,CARD_MC,891.56,23.29,1.16,867.11,2024-12-02 03:34:58+00
TX2407126,B-20241202,CARD_VISA,953.44,23.88,1.19,928.37,2024-12-02 03:36:36+00
TX2420706,B-20241202,CARD_VISA,134.14,4.22,0.21,129.71,2024-12-02 03:36:42+00
TX2408236,B-20241202,CARD_VISA,106.42,3.55,0.18,102.69,2024-12-02 03:40:54+00
TX2411247,B-20241202,CARD_VISA,90.17,3.16,0.16,86.85,2024-12-02 03:43:56+00
TX2419026,B-20241202,CARD_VISA,498.14,12.96,0.65,484.53,2024-12-02 03:43:56+00
TX2413947,B-20241202,CARD_VISA,467.97,12.23,0.61,455.13,2024-12-02 03:45:49+00
TX2407421,B-20241202,APPLE_PAY,82.22,3.14,0.16,78.92,2024-12-02 03:48:29+00
TX2423615,B-20241202,CARD_MC,153.98,4.85,0.24,148.89,2024-12-02 03:48:51+00
TX2403069,B-20241202,CARD_MC,170.77,5.27,0.26,165.24,2024-12-02 03:51:08+00
TX2403593,B-20241202,APPLE_PAY,446.14,12.6,0.63,432.91,2024-12-02 03:52:32+00
TX2424411,B-20241202,CARD_MC,525.4,14.14,0.71,510.55,2024-12-02 03:53:38+00
TX2418503,B-20241202,CARD_VISA,767.21,19.41,0.97,746.83,2024-12-02 04:00:39+00
TX2404234,B-20241202,CARD_MC,291.43,8.29,0.41,282.73,2024-12-02 04:10:22+00
TX2400921,B-20241202,APPLE_PAY,634.89,17.51,0.88,616.5,2024-12-02 04:11:42+00
TX2405800,B-20241202,CARD_VISA,248.07,6.95,0.35,240.77,2024-12-02 04:13:54+00
TX2419697,B-20241202,APPLE_PAY,101.3,3.63,0.18,97.49,2024-12-02 04:17:00+00
TX2424093,B-20241202,CARD_VISA,361.58,9.68,0.48,351.42,2024-12-02 04:17:50+00
TX2413350,B-20241202,CARD_VISA,262.4,7.3,0.36,254.74,2024-12-02 04:19:04+00
TX2416257,B-20241202,APPLE_PAY,398.32,11.36,0.57,386.39,2024-12-02 04:22:40+00
TX2420091,B-20241202,CARD_VISA,709.11,18.02,0.9,690.19,2024-12-02 04:24:26+00
TX2402338,B-20241202,UAE_DDS,143.45,0.86,0.04,142.55,2024-12-02 04:30:34+00
TX2402380,B-20241202,UAE_DDS,644.44,3.87,0.19,640.38,2024-12-02 04:31:33+00
TX2422970,B-20241202,CARD_VISA,176.55,5.24,0.26,171.05,2024-12-02 04:33:30+00
TX2416438,B-20241202,CARD_VISA,571.7,14.72,0.74,556.24,2024-12-02 04:34:01+00
TX2411379,B-20241202,CARD_VISA,146.46,4.52,0.23,141.71,2024-12-02 04:38:46+00
TX2414526,B-20241202,CARD_MC,113.89,3.85,0.19,109.85,2024-12-02 04:43:17+00
TX2408068,B-20241202,CARD_VISA,550.7,14.22,0.71,535.77,2024-12-02 04:45:21+00
TX2409445,B-20241202,CARD_MC,402.99,11.07,0.55,391.37,2024-12-02 04:47:14+00
TX2405070,B-20241202,CARD_MC,518.7,13.97,0.7,504.03,2024-12-02 04:48:50+00
TX2409224,B-20241202,CARD_VISA,614.15,15.74,0.79,597.62,2024-12-02 04:50:34+00
TX2409231,B-20241202,UAE_DDS,498.06,2.99,0.15,494.92,2024-12-02 04:50:57+00
TX2403242,B-20241202,CARD_VISA,242.37,6.82,0.34,235.21,2024-12-02 04:54:00+00
TX2411300,B-20241202,AANI,133.95,1.17,0.06,132.72,2024-12-02 05:03:10+00
TX2415227,B-20241202,CARD_VISA,154.24,4.7,0.24,149.3,2024-12-02 05:05:44+00
TX2423835,B-20241202,CARD_VISA,64.23,2.54,0.13,61.56,2024-12-02 05:10:53+00
TX2409156,B-20241202,CARD_VISA,620.17,15.88,0.79,603.5,2024-12-02 05:11:38+00
TX2410711,B-20241202,CARD_MC,174.8,5.37,0.27,169.16,2024-12-02 05:12:42+00
TX2410215,B-20241202,AANI,758.9,4.29,0.21,754.4,2024-12-02 05:14:39+00
TX2415421,B-20241202,UAE_DDS,72.78,0.44,0.02,72.32,2024-12-02 05:19:48+00
TX2411951,B-20241202,CARD_MC,29.98,1.75,0.09,28.14,2024-12-02 05:20:20+00
TX2423059,B-20241202,APPLE_PAY,170.32,5.43,0.27,164.62,2024-12-02 05:23:01+00
TX2419387,B-20241202,APPLE_PAY,263.63,7.85,0.39,255.39,2024-12-02 05:24:52+00
TX2404216,B-20241202,APPLE_PAY,323.59,9.41,0.47,313.71,2024-12-02 05:26:12+00
TX2419819,B-20241202,CARD_VISA,69.86,2.68,0.13,67.05,2024-12-02 05:26:14+00
TX2403820,B-20241202,CARD_VISA,627.33,16.06,0.8,610.47,2024-12-02 05:26:42+00
TX2420880,B-20241202,CARD_MC,118.59,3.96,0.2,114.43,2024-12-02 05:27:32+00
TX2406348,B-20241202,APPLE_PAY,555.97,15.46,0.77,539.74,2024-12-02 05:28:00+00
TX2419522,B-20241202,CARD_MC,382.23,10.56,0.53,371.14,2024-12-02 05:30:37+00
TX2422234,B-20241202,CARD_MC,213.34,6.33,0.32,206.69,2024-12-02 05:34:35+00
TX2406467,B-20241202,CARD_VISA,123.84,3.97,0.2,119.67,2024-12-02 05:42:24+00
TX2422541,B-20241202,CARD_MC,283.15,8.08,0.4,274.67,2024-12-02 05:43:51+00
TX2410860,B-20241202,APPLE_PAY,369.65,10.61,0.53,358.51,2024-12-02 05:45:15+00
TX2408568,B-20241202,CARD_VISA,715.12,18.16,0.91,696.05,2024-12-02 05:49:24+00
TX2400742,B-20241202,CARD_MC,345.72,9.64,0.48,335.6,2024-12-02 05:49:35+00
TX2400705,B-20241202,APPLE_PAY,887.98,24.09,1.2,862.69,2024-12-02 05:59:20+00
TX2401937,B-20241202,UAE_DDS,324.16,1.94,0.1,322.12,2024-12-02 06:03:55+00
TX2420088,B-20241202,CARD_VISA,493.23,12.84,0.64,479.75,2024-12-02 06:10:49+00
TX2421053,B-20241202,AANI,401.0,2.5,0.12,398.38,2024-12-02 06:11:50+00
TX2425924,B-20241202,AANI,268.92,1.84,0.09,266.99,2024-12-02 06:13:17+00
TX2405265,B-20241202,APPLE_PAY,1135.45,30.52,1.53,1103.4,2024-12-02 06:19:13+00
TX2411743,B-20241202,UAE_DDS,68.97,0.41,0.02,68.54,2024-12-02 06:26:01+00
TX2420252,B-20241202,CARD_MC,250.58,7.26,0.36,242.96,2024-12-02 06:26:23+00
TX2409021,B-20241202,CARD_VISA,118.43,3.84,0.19,114.4,2024-12-02 06:27:01+00
TX2424182,B-20241202,CARD_MC,482.38,13.06,0.65,468.67,2024-12-02 06:31:50+00
TX2415907,B-20241202,CARD_VISA,223.13,6.36,0.32,216.45,2024-12-02 06:39:29+00
TX2411208,B-20241202,APPLE_PAY,40.95,2.06,0.1,38.79,2024-12-02 06:42:37+00
TX2404612,B-20241202,CARD_VISA,642.9,16.43,0.82,625.65,2024-12-02 06:46:03+00
TX2418429,B-20241202,CARD_MC,101.74,3.54,0.18,98.02,2024-12-02 06:46:56+00
TX2403810,B-20241202,CARD_VISA,73.98,2.78,0.14,71.06,2024-12-02 06:48:56+00
TX2424760,B-20241202,CARD_MC,162.09,5.05,0.25,156.79,2024-12-02 06:49:53+00
TX2421457,B-20241202,CARD_VISA,146.95,4.53,0.23,142.19,2024-12-02 06:53:46+00
TX2413676,B-20241202,APPLE_PAY,332.6,9.65,0.48,322.47,2024-12-02 06:57:50+00
TX2417747,B-20241202,CARD_MC,773.32,20.33,1.02,751.97,2024-12-02 07:01:25+00
TX2405594,B-20241202,CARD_MC,1029.19,26.73,1.34,1001.12,2024-12-02 07:03:01+00
TX2411351,B-20241202,CARD_MC,79.24,2.98,0.15,76.11,2024-12-02 07:07:50+00
TX2414274,B-20241202,CARD_VISA,142.53,4.42,0.22,137.89,2024-12-02 07:07:52+00
TX2414931,B-20241202,CARD_VISA,1818.41,44.64,2.23,1771.54,2024-12-02 07:08:08+00
TX2404730,B-20241202,CARD_VISA,287.21,7.89,0.39,278.93,2024-12-02 07:08:08+00
TX2408468,B-20241202,UAE_DDS,298.52,1.79,0.09,296.64,2024-12-02 07:09:45+00
TX2405001,B-20241202,CARD_MC,601.18,16.03,0.8,584.35,2024-12-02 07:10:26+00
TX2412826,B-20241202,CARD_VISA,470.41,12.29,0.61,457.51,2024-12-02 07:11:40+00
TX2404723,B-20241202,CARD_VISA,138.77,4.33,0.22,134.22,2024-12-02 07:13:50+00
TX2405155,B-20241202,CARD_MC,391.78,10.79,0.54,380.45,2024-12-02 07:15:29+00
TX2422754,B-20241202,CARD_MC,350.2,9.76,0.49,339.95,2024-12-02 07:17:00+00
TX2425036,B-20241202,CARD_MC,352.61,9.82,0.49,342.3,2024-12-02 07:17:05+00
TX2403847,B-20241202,APPLE_PAY,41.49,2.08,0.1,39.31,2024-12-02 07:21:19+00
TX2407436,B-20241202,CARD_VISA,274.66,7.59,0.38,266.69,2024-12-02 07:21:36+00
TX2406127,B-20241202,UAE_DDS,72.66,0.44,0.02,72.2,2024-12-02 07:22:43+00
TX2413245,B-20241202,CARD_VISA,1205.57,29.93,1.5,1174.14,2024-12-02 07:22:47+00
TX2400861,B-20241202,CARD_VISA,612.71,15.71,0.79,596.21,2024-12-02 07:27:07+00
TX2416772,B-20241202,CARD_MC,574.55,15.36,0.77,558.42,2024-12-02 07:29:07+00
TX2418340,B-20241202,UAE_DDS,78.71,0.47,0.02,78.22,2024-12-02 07:31:54+00
TX2411298,B-20241202,CARD_MC,407.94,11.2,0.56,396.18,2024-12-02 07:33:44+00
TX2407013,B-20241202,CARD_VISA,62.54,2.5,0.12,59.92,2024-12-02 07:38:55+00
TX2420090,B-20241202,CARD_MC,96.88,3.42,0.17,93.29,2024-12-02 07:44:53+00
TX2408146,B-20241202,CARD_VISA,245.34,6.89,0.34,238.11,2024-12-02 07:46:15+00
TX2404774,B-20241202,CARD_MC,92.07,3.3,0.16,88.61,2024-12-02 07:53:21+00
TX2412252,B-20241202,CARD_MC,414.61,11.37,0.57,402.67,2024-12-02 07:59:09+00
TX2402001,B-20241202,CARD_MC,473.23,12.83,0.64,459.76,2024-12-02 08:00:59+00
TX2406564,B-20241202,CARD_MC,424.86,11.62,0.58,412.66,2024-12-02 08:01:40+00
TX2410634,B-20241202,CARD_VISA,341.27,9.19,0.46,331.62,2024-12-02 08:11:13+00
TX2425926,B-20241202,APPLE_PAY,401.31,11.43,0.57,389.31,2024-12-02 08:13:09+00
TX2405590,B-20241202,CARD_VISA,55.67,2.34,0.12,53.21,2024-12-02 08:15:06+00
TX2415574,B-20241202,CARD_VISA,414.08,10.94,0.55,402.59,2024-12-02 08:15:15+00
TX2422851,B-20241202,CARD_MC,221.63,6.54,0.33,214.76,2024-12-02 08:17:38+00
TX2421480,B-20241202,CARD_MC,133.82,4.35,0.22,129.25,2024-12-02 08:18:59+00
TX2411315,B-20241202,APPLE_PAY,537.61,14.98,0.75,521.88,2024-12-02 08:20:20+00
TX2414277,B-20241202,APPLE_PAY,220.28,6.73,0.34,213.21,2024-12-02 08:26:13+00
TX2404775,B-20241202,APPLE_PAY,243.26,7.32,0.37,235.57,2024-12-02 08:32:24+00
TX2401491,B-20241202,CARD_MC,240.86,7.02,0.35,233.49,2024-12-02 08:34:32+00
TX2422649,B-20241202,AANI,172.9,1.36,0.07,171.47,2024-12-02 08:36:02+00
TX2407923,B-20241202,CARD_VISA,326.39,8.83,0.44,317.12,2024-12-02 08:40:05+00
TX2421304,B-20241202,UAE_DDS,66.7,0.4,0.02,66.28,2024-12-02 08:43:01+00
TX2415389,B-20241202,UAE_DDS,63.57,0.38,0.02,63.17,2024-12-02 08:44:16+00
TX2417172,B-20241202,AANI,131.53,1.16,0.06,130.31,2024-12-02 08:46:35+00
TX2421564,B-20241202,CARD_VISA,1436.45,35.47,1.77,1399.21,2024-12-02 08:48:04+00
TX2402809,B-20241202,CARD_VISA,376.66,10.04,0.5,366.12,2024-12-02 08:49:23+00
TX2417638,B-20241202,CARD_MC,207.71,6.19,0.31,201.21,2024-12-02 08:49:37+00
TX2419151,B-20241202,APPLE_PAY,114.28,3.97,0.2,110.11,2024-12-02 08:56:34+00
TX2421104,B-20241202,AANI,405.48,2.53,0.13,402.82,2024-12-02 08:56:48+00
TX2419545,B-20241202,CARD_VISA,1625.51,40.01,2.0,1583.5,2024-12-02 08:57:50+00
TX2420490,B-20241202,CARD_VISA,207.56,5.98,0.3,201.28,2024-12-02 08:58:24+00
TX2415102,B-20241202,CARD_VISA,207.66,5.98,0.3,201.38,2024-12-02 08:58:42+00
TX2420261,B-20241202,APPLE_PAY,116.51,4.03,0.2,112.28,2024-12-02 08:59:05+00
TX2415901,B-20241202,CARD_MC,211.62,6.29,0.31,205.02,2024-12-02 08:59:39+00
TX2410905,B-20241202,CARD_VISA,36.72,1.88,0.09,34.75,2024-12-02 09:03:05+00
TX2420118,B-20241202,CARD_VISA,187.02,5.49,0.27,181.26,2024-12-02 09:04:06+00
TX2407840,B-20241202,CARD_VISA,30.78,1.74,0.09,28.95,2024-12-02 09:04:50+00
TX2422797,B-20241202,AANI,1321.21,7.11,0.36,1313.74,2024-12-02 09:05:42+00
TX2413186,B-20241202,APPLE_PAY,85.33,3.22,0.16,81.95,2024-12-02 09:11:10+00
TX2422505,B-20241202,AANI,341.14,2.21,0.11,338.82,2024-12-02 09:11:21+00
TX2425359,B-20241202,CARD_VISA,184.1,5.42,0.27,178.41,2024-12-02 09:12:02+00
TX2417163,B-20241202,AANI,62.89,0.81,0.04,62.04,2024-12-02 09:14:04+00
TX2416629,B-20241202,CARD_VISA,141.3,4.39,0.22,136.69,2024-12-02 09:15:27+00
TX2401308,B-20241202,CARD_MC,106.6,3.66,0.18,102.76,2024-12-02 09:20:12+00
TX2419346,B-20241202,CARD_VISA,1138.37,28.32,1.42,1108.63,2024-12-02 09:24:14+00
TX2405655,B-20241202,CARD_MC,251.47,7.29,0.36,243.82,2024-12-02 09:26:29+00
TX2412322,B-20241202,AANI,1745.79,9.23,0.46,1736.1,2024-12-02 09:27:04+00
TX2415912,B-20241202,CARD_MC,73.76,2.84,0.14,70.78,2024-12-02 09:34:22+00
TX2416085,B-20241202,CARD_MC,433.75,11.84,0.59,421.32,2024-12-02 09:34:58+00
TX2413620,B-20241202,CARD_VISA,170.13,5.93,0.3,163.9,2024-12-02 09:35:27+00
TX2411686,B-20241202,CARD_VISA,269.77,7.47,0.37,261.93,2024-12-02 09:36:12+00
TX2425040,B-20241202,CARD_MC,60.73,2.52,0.13,58.08,2024-12-02 09:39:36+00
TX2417530,B-20241202,CARD_VISA,336.25,9.07,0.45,326.73,2024-12-02 09:40:48+00
TX2424956,B-20241202,CARD_VISA,561.85,14.48,0.72,546.65,2024-12-02 09:42:35+00
TX2411167,B-20241202,CARD_MC,89.66,3.24,0.16,86.26,2024-12-02 09:42:43+00
TX2410885,B-20241202,UAE_DDS,134.43,0.81,0.04,133.58,2024-12-02 09:44:04+00
TX2415228,B-20241202,CARD_MC,92.77,3.32,0.17,89.28,2024-12-02 09:45:27+00
TX2421092,B-20241202,CARD_VISA,177.2,5.25,0.26,171.69,2024-12-02 09:47:19+00
TX2421193,B-20241202,CARD_VISA,740.85,18.78,0.94,721.13,2024-12-02 09:50:31+00
TX2405695,B-20241202,AANI,144.38,1.22,0.06,143.1,2024-12-02 09:50:42+00
TX2422076,B-20241202,CARD_MC,868.16,22.7,1.14,844.32,2024-12-02 10:01:00+00
TX2406590,B-20241202,APPLE_PAY,151.02,4.93,0.25,145.84,2024-12-02 10:01:57+00
TX2421159,B-20241202,UAE_DDS,263.34,1.58,0.08,261.68,2024-12-02 10:04:00+00
TX2403449,B-20241202,CARD_VISA,93.15,3.24,0.16,89.75,2024-12-02 10:05:59+00
TX2423150,B-20241202,CARD_VISA,68.64,2.65,0.13,65.86,2024-12-02 10:07:00+00
TX2402673,B-20241202,CARD_VISA,125.49,4.01,0.2,121.28,2024-12-02 10:09:38+00
TX2402821,B-20241202,CARD_VISA,428.08,11.27,0.56,416.25,2024-12-02 10:11:28+00
TX2401983,B-20241202,CARD_VISA,386.41,10.27,0.51,375.63,2024-12-02 10:11:41+00
TX2401693,B-20241202,APPLE_PAY,162.12,5.22,0.26,156.64,2024-12-02 10:12:02+00
TX2406666,B-20241202,CARD_MC,386.54,10.66,0.53,375.35,2024-12-02 10:13:11+00
TX2412167,B-20241202,CARD_VISA,244.79,6.87,0.34,237.58,2024-12-02 10:16:13+00
TX2405870,B-20241202,CARD_MC,201.37,6.03,0.3,195.04,2024-12-02 10:18:28+00
TX2418330,B-20241202,CARD_VISA,168.65,5.05,0.25,163.35,2024-12-02 10:19:00+00
TX2411078,B-20241202,CARD_MC,1162.92,30.07,1.5,1131.35,2024-12-02 10:20:57+00
TX2412526,B-20241202,UAE_DDS,204.57,1.23,0.06,203.28,2024-12-02 10:21:48+00
TX2402930,B-20241202,AANI,886.28,4.93,0.25,881.1,2024-12-02 10:23:33+00
TX2412559,B-20241202,CARD_VISA,317.9,8.63,0.43,308.84,2024-12-02 10:24:10+00
TX2403357,B-20241202,CARD_VISA,260.09,7.24,0.36,252.49,2024-12-02 10:25:10+00
TX2411064,B-20241202,CARD_VISA,164.71,4.95,0.25,159.51,2024-12-02 10:25:47+00
TX2407483,B-20241202,CARD_VISA,70.82,2.7,0.14,67.98,2024-12-02 10:29:33+00
TX2400483,B-20241202,CARD_VISA,195.82,5.7,0.29,189.83,2024-12-02 10:32:33+00
TX2411949,B-20241202,CARD_MC,446.29,12.16,0.61,433.52,2024-12-02 10:34:09+00
TX2416981,B-20241202,CARD_MC,638.34,16.96,0.85,620.53,2024-12-02 10:37:45+00
TX2408844,B-20241202,CARD_MC,130.55,4.26,0.21,126.08,2024-12-02 10:38:26+00
TX2423669,B-20241202,CARD_VISA,176.97,5.25,0.26,171.46,2024-12-02 10:38:40+00
TX2413593,B-20241202,CARD_VISA,728.31,18.48,0.92,708.91,2024-12-02 10:41:44+00
TX2413548,B-20241202,CARD_VISA,237.95,6.71,0.34,230.9,2024-12-02 10:44:06+00
TX2403529,B-20241202,CARD_VISA,306.75,8.36,0.42,297.97,2024-12-02 10:44:44+00
TX2408434,B-20241202,CARD_MC,617.09,16.43,0.82,599.84,2024-12-02 10:45:24+00
TX2414690,B-20241202,CARD_MC,263.05,7.58,0.38,255.09,2024-12-02 10:48:42+00
TX2422903,B-20241202,APPLE_PAY,446.83,12.62,0.63,433.58,2024-12-02 10:51:54+00
TX2400046,B-20241202,CARD_MC,1443.5,37.09,1.85,1404.56,2024-12-02 10:52:50+00
TX2420002,B-20241202,CARD_MC,70.76,2.77,0.14,67.85,2024-12-02 10:53:40+00
TX2407478,B-20241202,CARD_MC,265.21,7.63,0.38,257.2,2024-12-02 10:54:48+00
TX2415249,B-20241202,CARD_MC,651.12,17.28,0.86,632.98,2024-12-02 10:55:20+00
TX2422293,B-20241202,CARD_VISA,1136.4,28.27,1.41,1106.72,2024-12-02 10:55:50+00
TX2414819,B-20241202,UAE_DDS,563.8,3.38,0.17,560.25,2024-12-02 10:57:22+00
TX2420721,B-20241202,CARD_VISA,97.26,3.33,0.17,93.76,2024-12-02 11:02:38+00
TX2412620,B-20241202,CARD_MC,167.51,5.19,0.26,162.06,2024-12-02 11:07:36+00
TX2418795,B-20241202,CARD_MC,58.69,2.47,0.12,56.1,2024-12-02 11:09:45+00
TX2414813,B-20241202,CARD_VISA,340.22,9.17,0.46,323.09,2024-12-02 11:10:53+00
TX2421587,B-20241202,CARD_VISA,80.37,2.93,0.15,77.29,2024-12-02 11:17:06+00
TX2424530,B-20241202,CARD_VISA,977.46,24.46,1.22,951.78,2024-12-02 11:19:35+00
TX2423427,B-20241202,CARD_VISA,228.41,6.48,0.32,221.61,2024-12-02 11:23:20+00
TX2417093,B-20241202,AANI,56.25,0.78,0.04,55.43,2024-12-02 11:24:51+00
TX2415150,B-20241202,CARD_VISA,425.87,11.22,0.56,414.09,2024-12-02 11:25:13+00
TX2413753,B-20241202,CARD_VISA,501.19,13.03,0.65,487.51,2024-12-02 11:35:02+00
TX2417305,B-20241202,CARD_MC,520.11,14.0,0.7,505.41,2024-12-02 11:38:03+00
TX2401045,B-20241202,CARD_VISA,255.69,7.14,0.36,248.19,2024-12-02 11:38:56+00
TX2416468,B-20241202,CARD_MC,63.15,2.58,0.13,60.44,2024-12-02 11:39:41+00
TX2406263,B-20241202,CARD_MC,795.15,20.88,1.04,773.23,2024-12-02 11:43:27+00
TX2411180,B-20241202,APPLE_PAY,385.58,11.03,0.55,374.0,2024-12-02 11:49:12+00
TX2401184,B-20241202,CARD_VISA,228.4,6.48,0.32,221.6,2024-12-02 11:51:16+00
TX2404175,B-20241202,CARD_VISA,317.06,8.61,0.43,308.02,2024-12-02 11:58:51+00
TX2412688,B-20241202,CARD_VISA,247.39,6.94,0.35,240.1,2024-12-02 12:00:59+00
TX2421177,B-20241202,CARD_MC,81.32,3.03,0.15,78.14,2024-12-02 12:06:54+00
TX2416980,B-20241202,CARD_MC,707.37,18.68,0.93,687.76,2024-12-02 12:07:14+00
TX2405412,B-20241202,CARD_MC,170.7,5.27,0.26,165.17,2024-12-02 12:07:16+00
TX2404095,B-20241202,APPLE_PAY,70.1,2.82,0.14,67.14,2024-12-02 12:08:42+00
TX2402469,B-20241202,CARD_VISA,287.58,7.9,0.4,279.28,2024-12-02 12:10:02+00
TX2404255,B-20241202,CARD_VISA,316.09,8.59,0.43,307.07,2024-12-02 12:15:08+00
TX2416126,B-20241202,UAE_DDS,383.76,2.3,0.12,381.34,2024-12-02 12:17:38+00
TX2419262,B-20241202,CARD_MC,444.61,12.12,0.61,431.88,2024-12-02 12:21:23+00
TX2417648,B-20241202,AANI,647.79,3.74,0.19,643.86,2024-12-02 12:21:51+00
TX2407589,B-20241202,UAE_DDS,353.16,2.12,0.11,350.93,2024-12-02 12:22:08+00
TX2400606,B-20241202,APPLE_PAY,198.36,6.16,0.31,191.89,2024-12-02 12:24:37+00
TX2425629,B-20241202,APPLE_PAY,142.75,4.71,0.24,137.8,2024-12-02 12:31:22+00
TX2417114,B-20241202,CARD_VISA,529.34,13.7,0.68,514.96,2024-12-02 12:32:14+00
TX2422400,B-20241202,APPLE_PAY,1031.32,27.81,1.39,1002.12,2024-12-02 12:35:37+00
TX2424405,B-20241202,APPLE_PAY,101.7,3.64,0.18,97.88,2024-12-02 12:37:51+00
TX2406688,B-20241202,CARD_MC,34.86,1.87,0.09,32.9,2024-12-02 12:39:21+00
TX2419091,B-20241202,CARD_VISA,482.43,12.58,0.63,469.22,2024-12-02 12:40:25+00
TX2412348,B-20241202,UAE_DDS,154.3,0.93,0.05,153.32,2024-12-02 12:40:57+00
TX2411319,B-20241202,UAE_DDS,105.59,0.63,0.03,104.93,2024-12-02 12:42:04+00
TX2412693,B-20241202,CARD_VISA,589.1,15.14,0.76,573.2,2024-12-02 12:44:26+00
TX2407816,B-20241202,UAE_DDS,70.01,0.42,0.02,69.57,2024-12-02 12:45:04+00
TX2403311,B-20241202,APPLE_PAY,1283.86,34.38,1.72,1247.76,2024-12-02 12:54:48+00
TX2420442,B-20241202,CARD_VISA,434.35,11.42,0.57,422.36,2024-12-02 12:59:20+00
TX2406644,B-20241202,CARD_MC,909.25,23.73,1.19,884.33,2024-12-02 13:01:38+00
TX2400418,B-20241202,APPLE_PAY,516.24,14.42,0.72,501.1,2024-12-02 13:04:17+00
TX2407154,B-20241202,CARD_VISA,90.12,3.16,0.16,86.8,2024-12-02 13:08:41+00
TX2403248,B-20241202,CARD_VISA,455.15,11.92,0.6,442.63,2024-12-02 13:13:07+00
TX2401475,B-20241202,CARD_VISA,300.82,8.22,0.41,292.19,2024-12-02 13:13:55+00
TX2408348,B-20241202,CARD_VISA,311.42,8.47,0.42,302.53,2024-12-02 13:13:55+00
TX2405907,B-20241202,CARD_VISA,184.64,5.43,0.27,178.94,2024-12-02 13:14:09+00
TX2419118,B-20241202,APPLE_PAY,59.62,2.55,0.13,56.94,2024-12-02 13:16:25+00
TX2403351,B-20241202,CARD_VISA,69.3,2.66,0.13,66.51,2024-12-02 13:22:18+00
TX2416852,B-20241202,CARD_VISA,125.36,4.01,0.2,121.15,2024-12-02 13:24:08+00
TX2414986,B-20241202,CARD_VISA,50.1,2.2,0.11,47.79,2024-12-02 13:24:47+00
TX2403238,B-20241202,CARD_VISA,116.24,3.79,0.19,112.26,2024-12-02 13:26:45+00
TX2423082,B-20241202,CARD_VISA,1452.64,35.86,1.79,1414.99,2024-12-02 13:28:18+00
TX2414965,B-20241202,CARD_MC,99.58,3.49,0.17,95.92,2024-12-02 13:31:50+00
TX2416569,B-20241202,CARD_MC,196.52,5.91,0.3,190.31,2024-12-02 13:35:32+00
TX2420050,B-20241202,CARD_VISA,131.09,4.15,0.21,126.73,2024-12-02 13:40:44+00
TX2418390,B-20241202,CARD_VISA,102.76,3.47,0.17,99.12,2024-12-02 13:41:20+00
TX2418539,B-20241202,UAE_DDS,319.09,1.91,0.1,317.08,2024-12-02 13:43:49+00
TX2412917,B-20241202,AANI,87.75,0.94,0.05,86.76,2024-12-02 13:44:12+00
TX2412715,B-20241202,CARD_MC,293.52,8.34,0.42,284.76,2024-12-02 13:44:12+00
TX2412855,B-20241202,CARD_MC,660.64,17.52,0.88,642.24,2024-12-02 13:44:46+00
TX2410266,B-20241202,CARD_MC,151.04,4.78,0.24,146.02,2024-12-02 13:46:09+00
TX2414163,B-20241202,CARD_MC,305.21,8.63,0.43,296.15,2024-12-02 13:47:41+00
TX2400161,B-20241202,APPLE_PAY,163.98,5.26,0.26,158.46,2024-12-02 13:49:45+00
TX2413609,B-20241202,CARD_VISA,344.83,9.28,0.46,335.09,2024-12-02 13:50:06+00
TX2421936,B-20241202,CARD_VISA,544.65,14.07,0.7,529.88,2024-12-02 13:52:11+00
TX2403636,B-20241202,CARD_VISA,109.32,3.62,0.18,105.52,2024-12-02 13:54:32+00
TX2402196,B-20241202,APPLE_PAY,122.23,4.18,0.21,117.84,2024-12-02 13:56:15+00
TX2411833,B-20241202,CARD_VISA,1330.43,32.93,1.65,1295.85,2024-12-02 13:59:39+00
TX2407831,B-20241202,UAE_DDS,170.2,1.02,0.05,169.13,2024-12-02 14:00:25+00
TX2415837,B-20241202,CARD_VISA,130.95,4.14,0.21,126.6,2024-12-02 14:15:46+00
TX2420762,B-20241202,CARD_MC,310.76,8.77,0.44,301.55,2024-12-02 14:17:35+00
TX2412462,B-20241202,AANI,255.31,1.78,0.09,253.44,2024-12-02 14:17:45+00
TX2402058,B-20241202,CARD_MC,95.85,3.4,0.17,92.28,2024-12-02 14:18:09+00
TX2413392,B-20241202,CARD_VISA,200.95,5.82,0.29,194.84,2024-12-02 14:18:37+00
TX2401478,B-20241202,APPLE_PAY,348.59,10.06,0.5,338.03,2024-12-02 14:19:48+00
TX2412206,B-20241202,APPLE_PAY,276.22,9.56,0.48,266.18,2024-12-02 14:21:18+00
TX2410274,B-20241202,APPLE_PAY,563.66,15.66,0.78,547.22,2024-12-02 14:23:22+00
TX2409438,B-20241202,CARD_VISA,390.45,10.37,0.52,379.56,2024-12-02 14:23:34+00
TX2406242,B-20241202,CARD_VISA,53.99,2.3,0.12,51.57,2024-12-02 14:23:41+00
TX2413221,B-20241202,CARD_VISA,210.16,6.04,0.3,203.82,2024-12-02 14:24:12+00
TX2418910,B-20241202,APPLE_PAY,134.69,4.5,0.22,129.97,2024-12-02 14:32:28+00
TX2418045,B-20241202,CARD_MC,348.98,9.72,0.49,338.77,2024-12-02 14:50:09+00
TX2407463,B-20241202,CARD_VISA,256.08,7.15,0.36,248.57,2024-12-02 14:51:46+00
TX2410049,B-20241202,CARD_VISA,817.65,24.71,1.24,791.7,2024-12-02 14:53:48+00
TX2417092,B-20241202,CARD_VISA,259.76,7.23,0.36,252.17,2024-12-02 14:55:23+00
TX2401889,B-20241202,CARD_MC,207.27,6.18,0.31,200.78,2024-12-02 14:55:34+00
TX2407026,B-20241202,CARD_MC,184.65,5.62,0.28,178.75,2024-12-02 14:58:36+00
TX2401399,B-20241202,CARD_VISA,145.09,4.48,0.22,140.39,2024-12-02 15:02:08+00
TX2421151,B-20241202,APPLE_PAY,51.47,2.34,0.12,49.01,2024-12-02 15:03:28+00
TX2417143,B-20241202,UAE_DDS,220.69,1.32,0.07,219.3,2024-12-02 15:06:48+00
TX2423995,B-20241202,CARD_MC,344.22,9.61,0.48,334.13,2024-12-02 15:12:40+00
TX2425506,B-20241202,APPLE_PAY,176.48,5.59,0.28,170.61,2024-12-02 15:13:43+00
TX2416995,B-20241202,CARD_MC,94.78,3.37,0.17,91.24,2024-12-02 15:18:06+00
TX2418354,B-20241202,CARD_MC,44.67,2.12,0.11,42.44,2024-12-02 15:19:14+00
TX2400248,B-20241202,CARD_MC,301.33,8.53,0.43,292.37,2024-12-02 15:24:46+00
TX2420541,B-20241202,UAE_DDS,91.14,0.55,0.03,90.56,2024-12-02 15:29:03+00
TX2408094,B-20241202,CARD_MC,1348.86,34.72,1.74,1312.4,2024-12-02 15:29:58+00
TX2417623,B-20241202,CARD_VISA,984.65,24.63,1.23,958.79,2024-12-02 15:31:48+00
TX2407503,B-20241202,CARD_MC,428.18,11.7,0.58,415.9,2024-12-02 15:37:17+00
TX2402714,B-20241202,CARD_VISA,136.96,4.29,0.21,132.46,2024-12-02 15:40:39+00
TX2419752,B-20241202,CARD_MC,236.14,6.9,0.34,228.9,2024-12-02 15:42:14+00
TX2401289,B-20241202,CARD_MC,148.93,4.72,0.24,143.97,2024-12-02 15:45:20+00
TX2404957,B-20241202,CARD_MC,871.76,22.79,1.14,847.83,2024-12-02 15:48:39+00
TX2407558,B-20241202,CARD_MC,77.35,2.93,0.15,74.27,2024-12-02 15:54:09+00
TX2405194,B-20241202,CARD_VISA,206.27,5.95,0.3,200.02,2024-12-02 15:56:30+00
TX2410000,B-20241202,CARD_VISA,1677.16,41.25,2.06,1633.85,2024-12-02 15:57:17+00
TX2403677,B-20241202,CARD_MC,167.57,5.19,0.26,162.12,2024-12-02 15:57:48+00
TX2414126,B-20241202,UAE_DDS,466.56,2.8,0.14,463.62,2024-12-02 16:00:17+00
TX2411284,B-20241202,CARD_MC,469.67,12.74,0.64,456.29,2024-12-02 16:01:03+00
TX2409218,B-20241202,CARD_MC,395.59,10.89,0.54,384.16,2024-12-02 16:03:43+00
TX2418561,B-20241202,UAE_DDS,114.96,0.69,0.03,114.24,2024-12-02 16:05:49+00
TX2421864,B-20241202,CARD_VISA,105.87,3.54,0.18,102.15,2024-12-02 16:06:54+00
TX2422256,B-20241202,CARD_VISA,1001.87,25.04,1.25,975.58,2024-12-02 16:08:08+00
TX2415779,B-20241202,CARD_VISA,222.05,6.33,0.32,215.4,2024-12-02 16:08:40+00
TX2413190,B-20241202,APPLE_PAY,100.14,3.6,0.18,96.36,2024-12-02 16:10:17+00
TX2412236,B-20241202,AANI,1056.5,5.78,0.29,1050.43,2024-12-02 16:10:45+00
TX2400106,B-20241202,CARD_MC,322.72,9.07,0.45,313.2,2024-12-02 16:13:39+00
TX2416297,B-20241202,APPLE_PAY,229.77,6.97,0.35,222.45,2024-12-02 16:14:21+00
TX2405539,B-20241202,CARD_MC,407.23,11.18,0.56,395.49,2024-12-02 16:15:26+00
TX2408812,B-20241202,CARD_VISA,178.96,5.3,0.26,173.4,2024-12-02 16:17:01+00
TX2419555,B-20241202,UAE_DDS,244.68,1.47,0.07,243.14,2024-12-02 16:17:04+00
TX2408763,B-20241202,UAE_DDS,340.41,2.04,0.1,338.27,2024-12-02 16:18:34+00
TX2424077,B-20241202,APPLE_PAY,53.77,2.4,0.12,51.25,2024-12-02 16:18:46+00
TX2419519,B-20241202,AANI,201.15,1.51,0.08,199.56,2024-12-02 16:22:30+00
TX2411784,B-20241202,CARD_MC,234.94,6.87,0.34,227.73,2024-12-02 16:29:38+00
TX2409207,B-20241202,CARD_MC,284.13,8.1,0.4,275.63,2024-12-02 16:34:18+00
TX2419814,B-20241202,APPLE_PAY,556.33,15.46,0.77,540.1,2024-12-02 16:34:47+00
TX2409776,B-20241202,APPLE_PAY,756.23,20.66,1.03,734.54,2024-12-02 16:37:31+00
TX2408820,B-20241202,CARD_VISA,623.33,15.96,0.8,606.57,2024-12-02 16:40:13+00
TX2400416,B-20241202,CARD_MC,446.84,12.17,0.61,434.06,2024-12-02 16:40:54+00
TX2406646,B-20241202,CARD_VISA,594.35,15.26,0.76,578.33,2024-12-02 16:44:37+00
TX2403369,B-20241202,CARD_MC,460.57,12.51,0.63,447.43,2024-12-02 16:45:30+00
TX2407384,B-20241202,AANI,198.9,1.49,0.07,197.34,2024-12-02 16:53:04+00
TX2418008,B-20241202,UAE_DDS,729.41,4.38,0.22,724.81,2024-12-02 16:54:41+00
TX2411708,B-20241202,CARD_MC,655.41,17.39,0.87,637.15,2024-12-02 16:56:25+00
TX2400676,B-20241202,CARD_MC,463.67,12.59,0.63,450.45,2024-12-02 16:57:23+00
TX2410590,B-20241202,CARD_MC,94.64,3.37,0.17,91.1,2024-12-02 16:58:18+00
TX2409123,B-20241202,CARD_MC,60.22,2.51,0.13,57.58,2024-12-02 17:02:29+00
TX2419748,B-20241202,CARD_VISA,191.95,5.61,0.28,186.06,2024-12-02 17:04:43+00
TX2417247,B-20241202,CARD_VISA,501.05,13.03,0.65,487.37,2024-12-02 17:07:18+00
TX2402940,B-20241202,CARD_VISA,1015.88,25.38,1.27,989.23,2024-12-02 17:10:37+00
TX2424229,B-20241202,CARD_MC,712.42,18.81,0.94,692.67,2024-12-02 17:18:24+00
TX2418774,B-20241202,CARD_VISA,126.08,4.03,0.2,121.85,2024-12-02 17:20:22+00
TX2407663,B-20241202,CARD_MC,515.0,13.88,0.69,500.43,2024-12-02 17:21:18+00
TX2402358,B-20241202,CARD_VISA,127.14,4.05,0.2,122.89,2024-12-02 17:25:16+00
TX2422850,B-20241202,CARD_VISA,143.55,4.45,0.22,138.88,2024-12-02 17:25:19+00
TX2400312,B-20241202,CARD_VISA,230.63,6.54,0.33,223.76,2024-12-02 17:29:04+00
TX2417609,B-20241202,CARD_VISA,904.99,22.72,1.14,881.13,2024-12-02 17:30:11+00
TX2406233,B-20241202,APPLE_PAY,203.36,6.29,0.31,196.76,2024-12-02 17:31:03+00
TX2424319,B-20241202,CARD_VISA,173.87,5.17,0.26,168.44,2024-12-02 17:31:13+00
TX2405262,B-20241202,APPLE_PAY,1161.66,31.2,1.56,1128.9,2024-12-02 17:31:34+00
TX2424852,B-20241202,APPLE_PAY,215.23,6.6,0.33,208.3,2024-12-02 17:36:22+00
TX2415333,B-20241202,CARD_VISA,69.01,2.66,0.13,66.22,2024-12-02 17:38:15+00
TX2419307,B-20241202,CARD_VISA,1061.7,26.48,1.32,1033.9,2024-12-02 17:38:41+00
TX2407262,B-20241202,CARD_MC,232.97,6.82,0.34,225.81,2024-12-02 17:43:31+00
TX2417576,B-20241202,CARD_VISA,76.47,2.84,0.14,73.49,2024-12-02 17:44:39+00
TX2421371,B-20241202,CARD_VISA,57.9,2.39,0.12,55.39,2024-12-02 17:51:52+00
TX2422176,B-20241202,CARD_VISA,90.96,3.18,0.16,87.62,2024-12-02 17:54:48+00
TX2417922,B-20241202,CARD_VISA,411.08,10.87,0.54,399.67,2024-12-02 17:54:56+00
TX2401416,B-20241202,UAE_DDS,441.29,2.65,0.13,438.51,2024-12-02 17:56:08+00
TX2412224,B-20241202,CARD_VISA,275.66,7.62,0.38,267.66,2024-12-02 17:58:41+00
TX2407760,B-20241202,CARD_VISA,430.39,11.33,0.57,418.49,2024-12-02 18:02:16+00
TX2403999,B-20241202,UAE_DDS,220.22,1.32,0.07,218.83,2024-12-02 18:02:40+00
TX2404068,B-20241202,CARD_MC,56.13,2.4,0.12,53.61,2024-12-02 18:05:01+00
TX2401262,B-20241202,APPLE_PAY,275.77,8.17,0.41,267.19,2024-12-02 18:14:12+00
TX2421498,B-20241202,CARD_MC,568.97,15.22,0.76,552.99,2024-12-02 18:18:28+00
TX2420473,B-20241202,CARD_MC,163.19,5.08,0.25,157.86,2024-12-02 18:22:40+00
TX2403527,B-20241202,APPLE_PAY,391.95,11.19,0.56,380.2,2024-12-02 18:24:15+00
TX2424262,B-20241202,CARD_VISA,560.37,14.45,0.72,545.2,2024-12-02 18:25:52+00
TX2409233,B-20241202,CARD_VISA,322.71,8.75,0.44,313.52,2024-12-02 18:26:25+00
TX2402007,B-20241202,APPLE_PAY,212.13,6.52,0.33,205.28,2024-12-02 18:26:34+00
TX2405018,B-20241202,APPLE_PAY,793.72,21.64,1.08,771.0,2024-12-02 18:35:55+00
TX2407638,B-20241202,CARD_VISA,248.16,6.96,0.35,240.85,2024-12-02 18:38:09+00
TX2404997,B-20241202,CARD_MC,309.47,8.74,0.44,300.29,2024-12-02 18:38:12+00
TX2402111,B-20241202,APPLE_PAY,270.98,8.05,0.4,262.53,2024-12-02 18:42:51+00
TX2425454,B-20241202,APPLE_PAY,29.71,1.77,0.09,27.85,2024-12-02 18:45:19+00
TX2403757,B-20241202,CARD_VISA,343.67,9.25,0.46,333.96,2024-12-02 18:47:48+00
TX2410261,B-20241202,CARD_VISA,99.99,3.4,0.17,96.42,2024-12-02 18:48:27+00
TX2406577,B-20241202,CARD_VISA,130.24,4.13,0.21,125.9,2024-12-02 18:50:23+00
TX2415564,B-20241202,CARD_MC,609.53,16.24,0.81,592.48,2024-12-02 18:51:39+00
TX2418553,B-20241202,CARD_VISA,97.71,3.35,0.17,94.19,2024-12-02 18:55:06+00
TX2423001,B-20241202,AANI,384.66,4.35,0.22,380.09,2024-12-02 18:59:49+00
TX2406292,B-20241202,CARD_MC,47.24,2.18,0.11,44.95,2024-12-02 19:00:13+00
TX2420958,B-20241202,CARD_VISA,493.25,12.84,0.64,479.77,2024-12-02 19:00:27+00
TX2418228,B-20241202,CARD_VISA,507.87,13.19,0.66,494.02,2024-12-02 19:03:08+00
TX2413873,B-20241202,CARD_MC,1617.14,41.43,2.07,1573.64,2024-12-02 19:05:51+00
TX2406568,B-20241202,CARD_VISA,731.81,18.56,0.93,712.32,2024-12-02 19:08:20+00
TX2425941,B-20241202,AANI,335.34,2.18,0.11,333.05,2024-12-02 19:12:10+00
TX2415012,B-20241202,CARD_MC,1689.31,43.23,2.16,1643.92,2024-12-02 19:12:40+00
TX2400693,B-20241202,APPLE_PAY,153.11,4.98,0.25,147.88,2024-12-02 19:12:53+00
TX2418074,B-20241202,CARD_VISA,218.28,6.24,0.31,211.73,2024-12-02 19:14:54+00
TX2402971,B-20241202,CARD_MC,373.07,10.33,0.52,362.22,2024-12-02 19:19:10+00
TX2421568,B-20241202,CARD_VISA,231.49,6.56,0.33,224.6,2024-12-02 19:19:24+00
TX2405144,B-20241202,CARD_VISA,444.52,11.67,0.58,432.27,2024-12-02 19:21:38+00
TX2412091,B-20241202,CARD_MC,114.93,3.87,0.19,110.87,2024-12-02 19:25:34+00
TX2408997,B-20241202,CARD_MC,53.29,2.33,0.12,50.84,2024-12-02 19:25:46+00
TX2411144,B-20241202,CARD_VISA,545.12,14.08,0.7,530.34,2024-12-02 19:29:30+00
TX2421022,B-20241202,UAE_DDS,166.03,1.0,0.05,164.98,2024-12-02 19:30:46+00
TX2415056,B-20241202,CARD_MC,307.98,8.7,0.44,298.84,2024-12-02 19:31:01+00
TX2402371,B-20241202,CARD_MC,363.35,10.08,0.5,352.77,2024-12-02 19:37:50+00
TX2402640,B-20241202,APPLE_PAY,69.32,2.8,0.14,66.38,2024-12-02 19:38:14+00
TX2425839,B-20241202,CARD_MC,251.54,7.29,0.36,243.89,2024-12-02 19:41:25+00
TX2404450,B-20241202,CARD_VISA,295.22,8.09,0.4,286.73,2024-12-02 19:43:05+00
TX2400450,B-20241202,CARD_VISA,203.61,5.89,0.29,197.43,2024-12-02 19:45:06+00
TX2413352,B-20241202,CARD_MC,233.05,6.83,0.34,225.88,2024-12-02 19:47:58+00
TX2419823,B-20241202,CARD_MC,302.78,8.57,0.43,293.78,2024-12-02 19:51:08+00
TX2423096,B-20241202,AANI,747.22,4.24,0.21,742.77,2024-12-02 19:52:34+00
TX2419774,B-20241202,CARD_VISA,525.89,13.62,0.68,511.59,2024-12-02 19:53:58+00
TX2415584,B-20241202,CARD_VISA,1667.67,41.02,2.05,1624.6,2024-12-02 19:55:08+00
TX2419761,B-20241202,CARD_MC,143.96,4.6,0.23,139.13,2024-12-02 19:59:27+00
TX2406851,B-20241202,CARD_VISA,130.21,4.13,0.21,125.87,2024-12-02 19:59:36+00
TX2409648,B-20241202,CARD_VISA,393.94,10.45,0.52,382.97,2024-12-02 19:59:47+00
TX2406147,B-20241202,CARD_VISA,652.94,16.67,0.83,635.44,2024-12-02 20:02:46+00
TX2425334,B-20241202,CARD_MC,124.68,4.12,0.21,120.35,2024-12-02 20:06:03+00
TX2409370,B-20241202,CARD_VISA,355.46,9.53,0.48,345.45,2024-12-02 20:06:52+00
TX2419965,B-20241202,CARD_MC,83.39,3.08,0.15,80.16,2024-12-02 20:12:07+00
TX2404917,B-20241202,CARD_MC,240.1,7.0,0.35,232.75,2024-12-02 20:14:04+00
TX2402816,B-20241202,UAE_DDS,228.98,1.37,0.07,227.54,2024-12-02 20:14:13+00
TX2412178,B-20241202,CARD_MC,160.65,5.02,0.25,155.38,2024-12-02 20:15:20+00
TX2408890,B-20241202,APPLE_PAY,55.67,2.45,0.12,53.1,2024-12-02 20:16:54+00
TX2408141,B-20241202,CARD_VISA,223.76,6.37,0.32,217.07,2024-12-02 20:17:05+00
TX2420381,B-20241202,CARD_MC,233.56,6.84,0.34,226.38,2024-12-02 20:17:55+00
TX2414077,B-20241202,CARD_VISA,530.84,13.74,0.69,516.41,2024-12-02 20:17:56+00
TX2420125,B-20241202,CARD_VISA,564.99,14.56,0.73,549.7,2024-12-02 20:19:44+00
TX2424218,B-20241202,CARD_VISA,157.34,4.78,0.24,152.32,2024-12-02 20:24:25+00
TX2407254,B-20241202,CARD_MC,1338.21,34.46,1.72,1302.03,2024-12-02 20:30:10+00
TX2413767,B-20241202,CARD_MC,340.53,9.51,0.48,330.54,2024-12-02 20:35:51+00
TX2412492,B-20241202,CARD_VISA,1248.55,30.97,1.55,1216.03,2024-12-02 20:37:08+00
TX2423823,B-20241202,CARD_MC,462.78,12.57,0.63,449.58,2024-12-02 20:37:41+00
TX2417976,B-20241202,AANI,144.59,1.22,0.06,143.31,2024-12-02 20:40:08+00
TX2410081,B-20241202,CARD_VISA,696.58,17.72,0.89,677.97,2024-12-02 20:41:26+00
TX2406159,B-20241202,APPLE_PAY,354.16,10.21,0.51,343.44,2024-12-02 20:44:32+00
TX2421084,B-20241202,CARD_VISA,100.97,3.42,0.17,97.38,2024-12-02 20:45:36+00
TX2404401,B-20241202,CARD_MC,103.03,3.58,0.18,99.27,2024-12-02 20:50:22+00
TX2409907,B-20241202,AANI,463.69,2.82,0.14,460.73,2024-12-02 20:51:17+00
TX2425264,B-20241202,CARD_VISA,83.27,3.0,0.15,80.12,2024-12-02 20:55:04+00
TX2404532,B-20241202,CARD_MC,219.9,6.5,0.32,213.08,2024-12-02 20:55:20+00
TX2407694,B-20241202,AANI,55.24,0.78,0.04,54.42,2024-12-02 20:56:24+00
TX2400765,B-20241202,CARD_VISA,585.03,15.04,0.75,569.24,2024-12-02 20:58:50+00
TX2401409,B-20241202,APPLE_PAY,303.5,8.89,0.44,294.17,2024-12-02 21:00:58+00
TX2421142,B-20241202,CARD_VISA,68.22,2.64,0.13,65.45,2024-12-02 21:02:24+00
TX2411160,B-20241202,CARD_MC,474.76,12.87,0.64,461.25,2024-12-02 21:03:29+00
TX2411782,B-20241202,CARD_VISA,84.32,3.02,0.15,81.15,2024-12-02 21:05:59+00
TX2400892,B-20241202,UAE_DDS,226.44,1.36,0.07,225.01,2024-12-02 21:06:09+00
TX2413431,B-20241202,APPLE_PAY,60.12,2.56,0.13,57.43,2024-12-02 21:06:09+00
TX2407264,B-20241202,AANI,547.91,3.24,0.16,544.51,2024-12-02 21:09:54+00
TX2408682,B-20241202,UAE_DDS,543.54,3.26,0.16,540.12,2024-12-02 21:11:14+00
TX2411649,B-20241202,CARD_VISA,1041.44,25.99,1.3,1014.15,2024-12-02 21:11:21+00
TX2409176,B-20241202,CARD_VISA,55.32,2.33,0.12,52.87,2024-12-02 21:11:35+00
TX2409148,B-20241202,CARD_VISA,692.08,17.61,0.88,673.59,2024-12-02 21:14:33+00
TX2405010,B-20241202,CARD_VISA,438.74,11.53,0.58,426.63,2024-12-02 21:17:01+00
TX2425697,B-20241202,CARD_VISA,142.66,4.42,0.22,138.02,2024-12-02 21:20:40+00
TX2414768,B-20241202,UAE_DDS,263.54,1.58,0.08,261.88,2024-12-02 21:21:07+00
TX2404345,B-20241202,CARD_MC,109.29,3.73,0.19,105.37,2024-12-02 21:22:00+00
TX2406022,B-20241202,CARD_MC,176.62,5.42,0.27,170.93,2024-12-02 21:22:52+00
TX2405411,B-20241202,CARD_MC,25.0,1.62,0.08,23.3,2024-12-02 21:25:30+00
TX2404454,B-20241202,CARD_VISA,98.76,3.37,0.17,95.22,2024-12-02 21:27:34+00
TX2416682,B-20241202,APPLE_PAY,472.52,13.29,0.66,458.57,2024-12-02 21:29:02+00
TX2411324,B-20241202,CARD_VISA,268.26,7.44,0.37,260.45,2024-12-02 21:29:57+00
TX2409815,B-20241202,AANI,632.33,3.66,0.18,628.49,2024-12-02 21:34:07+00
TX2409615,B-20241202,CARD_MC,655.57,17.39,0.87,637.31,2024-12-02 21:37:12+00
TX2404542,B-20241202,CARD_VISA,310.58,8.45,0.42,301.71,2024-12-02 21:38:30+00
TX2407620,B-20241202,CARD_VISA,406.21,10.75,0.54,394.92,2024-12-02 21:40:51+00
TX2417135,B-20241202,CARD_VISA,238.67,6.73,0.34,231.6,2024-12-02 21:41:53+00
TX2421649,B-20241202,CARD_MC,170.34,6.11,0.31,163.92,2024-12-02 21:42:17+00
TX2416726,B-20241202,AANI,533.44,3.17,0.16,530.11,2024-12-02 21:45:03+00
TX2406168,B-20241202,CARD_VISA,255.95,7.14,0.36,248.45,2024-12-02 21:49:51+00
TX2404360,B-20241202,CARD_VISA,265.63,7.38,0.37,257.88,2024-12-02 21:50:11+00
TX2415936,B-20241202,CARD_VISA,48.4,2.16,0.11,46.13,2024-12-02 21:50:14+00
TX2413348,B-20241202,CARD_VISA,471.76,12.32,0.62,458.82,2024-12-02 21:52:42+00
TX2403687,B-20241202,CARD_VISA,114.66,3.75,0.19,110.72,2024-12-02 21:52:58+00
TX2419082,B-20241202,CARD_VISA,144.85,4.48,0.22,140.15,2024-12-02 21:53:11+00
TX2412490,B-20241202,CARD_MC,55.62,2.39,0.12,53.11,2024-12-02 21:53:46+00
TX2424568,B-20241202,AANI,495.35,2.98,0.15,492.22,2024-12-02 21:56:57+00
TX2411073,B-20241202,CARD_VISA,146.24,4.51,0.23,141.5,2024-12-02 21:57:48+00
TX2415801,B-20241202,CARD_VISA,460.35,12.05,0.6,447.7,2024-12-02 21:58:15+00
TX2413337,B-20241202,CARD_VISA,1272.01,31.53,1.58,1238.9,2024-12-02 22:00:26+00
TX2404033,B-20241202,CARD_VISA,83.5,3.0,0.15,80.35,2024-12-02 22:00:49+00
TX2400001,B-20241202,CARD_MC,1005.18,26.13,1.31,977.74,2024-12-02 22:01:14+00
TX2403060,B-20241202,UAE_DDS,194.99,1.17,0.06,193.76,2024-12-02 22:01:14+00
TX2407110,B-20241202,APPLE_PAY,130.21,4.39,0.22,125.6,2024-12-02 22:03:29+00
TX2412099,B-20241202,CARD_MC,1591.78,40.79,2.04,1548.95,2024-12-02 22:11:56+00
TX2403943,B-20241202,CARD_VISA,260.19,7.24,0.36,252.59,2024-12-02 22:14:22+00
TX2407011,B-20241202,CARD_VISA,438.65,11.53,0.58,426.54,2024-12-02 22:14:48+00
TX2422776,B-20241202,CARD_VISA,293.21,8.04,0.4,284.77,2024-12-02 22:15:50+00
TX2409031,B-20241202,APPLE_PAY,1003.67,27.1,1.36,975.21,2024-12-02 22:17:23+00
TX2420331,B-20241202,CARD_VISA,689.88,17.56,0.88,671.44,2024-12-02 22:20:32+00
TX2406728,B-20241202,CARD_VISA,436.4,11.47,0.57,424.36,2024-12-02 22:21:47+00
TX2412538,B-20241202,APPLE_PAY,506.43,14.17,0.71,491.55,2024-12-02 22:23:07+00
TX2404504,B-20241202,CARD_VISA,342.83,9.23,0.46,333.14,2024-12-02 22:25:45+00
TX2416465,B-20241202,CARD_VISA,190.76,5.58,0.28,184.9,2024-12-02 22:27:31+00
TX2417195,B-20241202,CARD_MC,289.18,8.23,0.41,280.54,2024-12-02 22:35:40+00
TX2403947,B-20241202,CARD_MC,105.1,3.63,0.18,101.29,2024-12-02 22:37:10+00
TX2407681,B-20241202,CARD_MC,57.42,2.44,0.12,54.86,2024-12-02 22:38:02+00
TX2402630,B-20241202,CARD_VISA,471.82,12.32,0.62,458.88,2024-12-02 22:38:15+00
TX2412385,B-20241202,CARD_VISA,559.39,14.43,0.72,544.24,2024-12-02 22:41:31+00
TX2406897,B-20241202,APPLE_PAY,477.25,13.41,0.67,463.17,2024-12-02 22:43:47+00
TX2409640,B-20241202,CARD_MC,290.2,8.25,0.41,281.54,2024-12-02 22:46:33+00
TX2417359,B-20241202,CARD_VISA,287.17,7.89,0.39,278.89,2024-12-02 22:49:57+00
TX2408640,B-20241202,CARD_MC,605.65,16.14,0.81,588.7,2024-12-02 22:55:52+00
TX2412709,B-20241202,APPLE_PAY,139.31,4.62,0.23,134.46,2024-12-02 23:01:38+00
TX2416302,B-20241202,CARD_MC,340.49,9.51,0.48,330.5,2024-12-02 23:02:31+00
TX2420759,B-20241202,CARD_VISA,529.88,16.37,0.82,512.69,2024-12-02 23:05:19+00
TX2419081,B-20241202,CARD_MC,121.25,4.03,0.2,117.02,2024-12-02 23:10:28+00
TX2421038,B-20241202,CARD_MC,863.61,22.59,1.13,839.89,2024-12-02 23:11:34+00
TX2423657,B-20241202,UAE_DDS,195.45,1.17,0.06,194.22,2024-12-02 23:11:53+00
TX2410296,B-20241202,APPLE_PAY,810.39,22.07,1.1,787.22,2024-12-02 23:13:04+00
TX2400816,B-20241202,APPLE_PAY,966.46,26.13,1.31,939.02,2024-12-02 23:13:35+00
TX2425416,B-20241202,APPLE_PAY,186.63,5.85,0.29,180.49,2024-12-02 23:21:30+00
TX2418005,B-20241202,CARD_MC,212.05,6.3,0.32,205.43,2024-12-02 23:25:09+00
TX2412062,B-20241202,CARD_VISA,220.78,6.3,0.32,214.16,2024-12-02 23:26:17+00
TX2415094,B-20241202,CARD_MC,92.21,3.31,0.17,88.73,2024-12-02 23:27:20+00
TX2424071,B-20241202,CARD_VISA,288.61,7.93,0.4,280.28,2024-12-02 23:27:56+00
TX2409235,B-20241202,CARD_MC,371.12,10.28,0.51,360.33,2024-12-02 23:37:16+00
TX2407899,B-20241202,CARD_VISA,221.91,6.33,0.32,215.26,2024-12-02 23:37:55+00
TX2411422,B-20241202,CARD_MC,361.77,10.04,0.5,351.23,2024-12-02 23:39:04+00
TX2407686,B-20241202,APPLE_PAY,100.64,3.62,0.18,96.84,2024-12-02 23:44:26+00
TX2423312,B-20241203,CARD_MC,1298.34,33.46,1.67,1263.21,2024-12-03 00:19:28+00
TX2413345,B-20241203,APPLE_PAY,598.66,16.57,0.83,581.26,2024-12-03 00:21:45+00
TX2403018,B-20241203,CARD_VISA,1599.31,39.38,1.97,1557.96,2024-12-03 00:21:57+00
TX2404859,B-20241203,CARD_VISA,391.31,10.39,0.52,380.4,2024-12-03 00:24:46+00
TX2423481,B-20241203,CARD_MC,172.65,5.32,0.27,167.06,2024-12-03 00:27:37+00
TX2416867,B-20241203,CARD_VISA,163.8,4.93,0.25,158.62,2024-12-03 00:28:10+00
TX2408223,B-20241203,CARD_MC,965.94,25.15,1.26,939.53,2024-12-03 00:30:18+00
TX2404237,B-20241203,CARD_MC,155.64,4.89,0.24,150.51,2024-12-03 00:30:43+00
TX2414349,B-20241203,CARD_VISA,213.38,6.12,0.31,206.95,2024-12-03 00:33:09+00
TX2415652,B-20241203,CARD_VISA,313.55,8.53,0.43,304.59,2024-12-03 00:34:17+00
TX2407035,B-20241203,CARD_MC,265.87,7.65,0.38,257.84,2024-12-03 00:36:26+00
TX2405253,B-20241203,CARD_VISA,179.01,5.3,0.26,173.45,2024-12-03 00:37:13+00
TX2407145,B-20241203,CARD_VISA,76.46,2.84,0.14,73.48,2024-12-03 00:39:44+00
TX2417272,B-20241203,CARD_VISA,292.6,8.02,0.4,284.18,2024-12-03 00:39:58+00
TX2400107,B-20241203,CARD_VISA,25.0,1.6,0.08,23.32,2024-12-03 00:40:52+00
TX2402596,B-20241203,CARD_VISA,195.36,5.69,0.28,189.39,2024-12-03 00:45:54+00
TX2405022,B-20241203,CARD_MC,95.44,3.39,0.17,91.88,2024-12-03 00:46:23+00
TX2420636,B-20241203,CARD_VISA,314.77,8.55,0.43,305.79,2024-12-03 00:46:37+00
TX2419928,B-20241203,CARD_MC,2040.91,52.02,2.6,1986.29,2024-12-03 00:47:35+00
TX2415487,B-20241203,APPLE_PAY,128.33,4.34,0.22,123.77,2024-12-03 00:47:57+00
TX2415084,B-20241203,CARD_VISA,357.73,9.59,0.48,347.66,2024-12-03 00:48:29+00
TX2413924,B-20241203,CARD_VISA,372.87,9.95,0.5,362.42,2024-12-03 00:49:28+00
TX2405254,B-20241203,CARD_VISA,58.29,2.4,0.12,55.77,2024-12-03 00:50:17+00
TX2411192,B-20241203,CARD_VISA,71.39,2.71,0.14,68.54,2024-12-03 00:51:18+00
TX2404213,B-20241203,CARD_MC,39.87,2.0,0.1,37.77,2024-12-03 00:54:19+00
TX2425581,B-20241203,APPLE_PAY,442.21,12.5,0.62,429.09,2024-12-03 00:59:09+00
TX2400354,B-20241203,CARD_MC,471.02,12.78,0.64,457.6,2024-12-03 00:59:39+00
TX2421550,B-20241203,APPLE_PAY,484.73,13.6,0.68,470.45,2024-12-03 01:02:17+00
TX2423561,B-20241203,AANI,226.56,1.63,0.08,224.85,2024-12-03 01:02:54+00
TX2410694,B-20241203,CARD_VISA,83.29,3.0,0.15,80.14,2024-12-03 01:05:31+00
TX2422927,B-20241203,CARD_VISA,229.17,6.5,0.32,222.35,2024-12-03 01:05:46+00
TX2414719,B-20241203,APPLE_PAY,588.41,16.3,0.82,571.29,2024-12-03 01:05:56+00
TX2415311,B-20241203,CARD_VISA,48.23,2.16,0.11,45.96,2024-12-03 01:06:28+00
TX2421117,B-20241203,CARD_MC,160.9,5.02,0.25,155.63,2024-12-03 01:09:06+00
TX2424491,B-20241203,CARD_VISA,290.05,7.96,0.4,281.69,2024-12-03 01:10:08+00
TX2424165,B-20241203,AANI,1023.95,5.62,0.28,1018.05,2024-12-03 01:11:34+00
TX2413632,B-20241203,AANI,241.61,1.71,0.09,239.81,2024-12-03 01:12:16+00
TX2420666,B-20241203,CARD_MC,1872.85,47.82,2.39,1822.64,2024-12-03 01:13:01+00
TX2409244,B-20241203,CARD_VISA,840.69,21.18,1.06,818.45,2024-12-03 01:13:28+00
TX2422077,B-20241203,CARD_VISA,273.54,7.56,0.38,265.6,2024-12-03 01:14:03+00
TX2405148,B-20241203,CARD_VISA,1368.65,33.85,1.69,1333.11,2024-12-03 01:18:06+00
TX2402937,B-20241203,CARD_MC,84.7,3.12,0.16,81.42,2024-12-03 01:18:36+00
TX2418829,B-20241203,CARD_VISA,310.1,8.44,0.42,301.24,2024-12-03 01:19:12+00
TX2405792,B-20241203,CARD_MC,153.84,4.85,0.24,148.75,2024-12-03 01:23:12+00
TX2421324,B-20241203,CARD_VISA,198.66,5.77,0.29,192.6,2024-12-03 01:23:22+00
TX2405231,B-20241203,CARD_VISA,172.26,5.13,0.26,166.87,2024-12-03 01:24:48+00
TX2411388,B-20241203,APPLE_PAY,30.75,1.8,0.09,28.86,2024-12-03 01:25:42+00
TX2410087,B-20241203,CARD_VISA,427.44,11.26,0.56,415.62,2024-12-03 01:32:13+00
TX2412116,B-20241203,APPLE_PAY,347.31,10.03,0.5,336.78,2024-12-03 01:36:28+00
TX2402468,B-20241203,CARD_VISA,57.49,2.38,0.12,54.99,2024-12-03 01:37:47+00
TX2421156,B-20241203,CARD_MC,580.3,15.51,0.78,564.01,2024-12-03 01:38:23+00
TX2408883,B-20241203,CARD_MC,841.49,22.04,1.1,818.35,2024-12-03 01:45:26+00
TX2419788,B-20241203,CARD_MC,294.51,8.36,0.42,285.73,2024-12-03 01:46:11+00
TX2410797,B-20241203,CARD_VISA,254.08,7.1,0.36,246.62,2024-12-03 01:48:51+00
TX2416806,B-20241203,CARD_MC,108.84,3.72,0.19,104.93,2024-12-03 01:49:31+00
TX2406371,B-20241203,CARD_MC,174.02,5.35,0.27,168.4,2024-12-03 01:50:19+00
TX2409185,B-20241203,CARD_VISA,834.69,21.03,1.05,812.61,2024-12-03 01:50:30+00
TX2402655,B-20241203,CARD_VISA,117.45,3.82,0.19,113.44,2024-12-03 01:51:43+00
TX2408203,B-20241203,CARD_VISA,325.99,8.82,0.44,316.73,2024-12-03 01:52:27+00
TX2417323,B-20241203,CARD_MC,373.9,10.35,0.52,363.03,2024-12-03 01:53:31+00
TX2410229,B-20241203,CARD_MC,376.81,10.42,0.52,365.87,2024-12-03 01:53:32+00
TX2423124,B-20241203,AANI,251.78,1.76,0.09,249.93,2024-12-03 01:54:20+00
TX2418381,B-20241203,CARD_MC,409.0,11.23,0.56,397.21,2024-12-03 01:57:27+00
TX2400108,B-20241203,CARD_VISA,1652.72,40.67,2.03,1610.02,2024-12-03 01:58:54+00
TX2410610,B-20241203,CARD_VISA,406.02,10.74,0.54,394.74,2024-12-03 01:59:45+00
TX2420307,B-20241203,CARD_VISA,387.52,10.3,0.52,376.7,2024-12-03 02:01:44+00
TX2404754,B-20241203,CARD_VISA,111.45,3.67,0.18,107.6,2024-12-03 02:03:16+00
TX2414276,B-20241203,CARD_MC,799.39,20.98,1.05,777.36,2024-12-03 02:05:30+00
TX2420594,B-20241203,CARD_VISA,176.89,5.25,0.26,171.38,2024-12-03 02:07:27+00
TX2405803,B-20241203,APPLE_PAY,314.07,9.17,0.46,304.44,2024-12-03 02:08:45+00
TX2423871,B-20241203,UAE_DDS,79.14,0.47,0.02,78.65,2024-12-03 02:09:01+00
TX2422663,B-20241203,CARD_VISA,182.42,5.38,0.27,176.77,2024-12-03 02:11:54+00
TX2424656,B-20241203,CARD_VISA,137.4,4.3,0.22,132.88,2024-12-03 02:12:52+00
TX2424982,B-20241203,CARD_VISA,359.19,9.62,0.48,349.09,2024-12-03 02:15:11+00
TX2416616,B-20241203,UAE_DDS,112.53,0.68,0.03,111.82,2024-12-03 02:15:28+00
TX2418305,B-20241203,CARD_VISA,616.7,15.8,0.79,600.11,2024-12-03 02:20:39+00
TX2413113,B-20241203,CARD_VISA,245.07,6.88,0.34,237.85,2024-12-03 02:21:03+00
TX2421415,B-20241203,APPLE_PAY,149.65,4.89,0.24,144.52,2024-12-03 02:21:12+00
TX2422911,B-20241203,APPLE_PAY,1321.14,35.35,1.77,1284.02,2024-12-03 02:21:12+00
TX2403511,B-20241203,CARD_VISA,121.61,3.92,0.2,117.49,2024-12-03 02:22:13+00
TX2425012,B-20241203,CARD_VISA,683.76,17.41,0.87,665.48,2024-12-03 02:22:29+00
TX2403497,B-20241203,CARD_VISA,180.56,5.33,0.27,174.96,2024-12-03 02:26:43+00
TX2414021,B-20241203,APPLE_PAY,295.78,8.69,0.43,286.66,2024-12-03 02:27:32+00
TX2407924,B-20241203,CARD_VISA,298.09,8.15,0.41,289.53,2024-12-03 02:30:58+00
TX2416375,B-20241203,CARD_MC,144.84,4.62,0.23,139.99,2024-12-03 02:32:23+00
TX2418624,B-20241203,AANI,361.49,2.31,0.12,359.06,2024-12-03 02:33:56+00
TX2406972,B-20241203,AANI,168.46,1.34,0.07,167.05,2024-12-03 02:35:52+00
TX2411553,B-20241203,CARD_MC,402.21,11.06,0.55,390.6,2024-12-03 02:37:49+00
TX2414303,B-20241203,CARD_VISA,1538.48,37.92,1.9,1498.66,2024-12-03 02:39:41+00
TX2414454,B-20241203,UAE_DDS,254.35,1.53,0.08,252.74,2024-12-03 02:41:32+00
TX2414885,B-20241203,CARD_VISA,169.27,5.06,0.25,163.96,2024-12-03 02:44:16+00
TX2423095,B-20241203,CARD_MC,410.68,11.27,0.56,398.85,2024-12-03 02:44:36+00
TX2414744,B-20241203,CARD_VISA,119.02,3.86,0.19,114.97,2024-12-03 02:44:59+00
TX2421578,B-20241203,APPLE_PAY,520.04,14.52,0.73,504.79,2024-12-03 02:45:20+00
TX2405007,B-20241203,CARD_VISA,1879.6,46.11,2.31,1831.18,2024-12-03 02:45:55+00
TX2403957,B-20241203,CARD_VISA,136.68,4.28,0.21,132.19,2024-12-03 02:46:03+00
TX2424129,B-20241203,CARD_VISA,248.84,6.97,0.35,241.52,2024-12-03 02:48:15+00
TX2416479,B-20241203,CARD_VISA,141.98,4.41,0.22,137.35,2024-12-03 02:50:01+00
TX2425877,B-20241203,CARD_VISA,750.14,19.0,0.95,730.19,2024-12-03 02:51:42+00
TX2420966,B-20241203,CARD_VISA,55.18,2.32,0.12,52.74,2024-12-03 02:53:23+00
TX2423462,B-20241203,CARD_VISA,81.48,2.96,0.15,78.37,2024-12-03 02:53:37+00
TX2406794,B-20241203,UAE_DDS,247.91,1.49,0.07,246.35,2024-12-03 02:54:47+00
TX2423935,B-20241203,CARD_VISA,370.84,9.9,0.5,360.44,2024-12-03 02:55:32+00
TX2409455,B-20241203,CARD_VISA,188.04,5.51,0.28,182.25,2024-12-03 02:59:02+00
TX2412229,B-20241203,APPLE_PAY,511.74,14.31,0.72,496.71,2024-12-03 02:59:53+00
TX2410204,B-20241203,CARD_MC,98.96,3.47,0.17,95.32,2024-12-03 03:05:02+00
TX2423854,B-20241203,CARD_VISA,868.38,21.84,1.09,845.45,2024-12-03 03:06:31+00
TX2423066,B-20241203,CARD_VISA,121.52,3.92,0.2,117.4,2024-12-03 03:07:31+00
TX2412780,B-20241203,CARD_MC,239.2,6.98,0.35,231.87,2024-12-03 03:07:45+00
TX2421061,B-20241203,CARD_MC,134.39,4.36,0.22,129.81,2024-12-03 03:09:41+00
TX2401423,B-20241203,CARD_MC,179.78,5.49,0.27,174.02,2024-12-03 03:10:12+00
TX2425522,B-20241203,CARD_MC,631.05,16.78,0.84,613.43,2024-12-03 03:12:34+00
TX2406059,B-20241203,APPLE_PAY,1148.14,30.85,1.54,1115.75,2024-12-03 03:13:01+00
TX2415626,B-20241203,CARD_VISA,125.04,4.0,0.2,120.84,2024-12-03 03:16:58+00
TX2407611,B-20241203,CARD_VISA,83.07,2.99,0.15,79.93,2024-12-03 03:17:15+00
TX2402711,B-20241203,CARD_VISA,92.51,3.22,0.16,89.13,2024-12-03 03:18:24+00
TX2415284,B-20241203,CARD_MC,93.68,3.34,0.17,90.17,2024-12-03 03:19:13+00
TX2424345,B-20241203,AANI,1032.17,5.66,0.28,1026.23,2024-12-03 03:20:09+00
TX2408913,B-20241203,AANI,73.44,0.87,0.04,72.53,2024-12-03 03:20:38+00
TX2401091,B-20241203,CARD_MC,491.83,13.3,0.66,477.87,2024-12-03 03:21:53+00
TX2404860,B-20241203,CARD_MC,207.1,6.18,0.31,200.61,2024-12-03 03:23:30+00
TX2405125,B-20241203,CARD_MC,128.59,4.21,0.21,124.17,2024-12-03 03:23:32+00
TX2412007,B-20241203,CARD_VISA,167.36,5.02,0.25,162.09,2024-12-03 03:25:18+00
TX2420082,B-20241203,CARD_VISA,1556.68,38.36,1.92,1516.4,2024-12-03 03:26:01+00
TX2405267,B-20241203,APPLE_PAY,272.46,8.08,0.4,263.98,2024-12-03 03:27:33+00
TX2409553,B-20241203,UAE_DDS,251.41,1.51,0.08,249.82,2024-12-03 03:30:10+00
TX2413220,B-20241203,CARD_MC,91.85,3.3,0.16,88.39,2024-12-03 03:30:21+00
TX2406256,B-20241203,CARD_VISA,30.02,1.72,0.09,28.21,2024-12-03 03:30:40+00
TX2422086,B-20241203,CARD_MC,801.71,21.04,1.05,779.62,2024-12-03 03:31:43+00
TX2415323,B-20241203,APPLE_PAY,301.33,8.83,0.44,292.06,2024-12-03 03:34:38+00
TX2412272,B-20241203,CARD_VISA,249.29,6.98,0.35,241.96,2024-12-03 03:41:21+00
TX2413915,B-20241203,UAE_DDS,53.27,0.32,0.02,52.93,2024-12-03 03:46:10+00
TX2411019,B-20241203,APPLE_PAY,213.66,6.56,0.33,206.77,2024-12-03 03:52:10+00
TX2404178,B-20241203,CARD_VISA,136.93,4.29,0.21,132.43,2024-12-03 03:52:33+00
TX2402487,B-20241203,CARD_VISA,307.89,8.39,0.42,299.08,2024-12-03 03:54:10+00
TX2425978,B-20241203,APPLE_PAY,718.04,19.67,0.98,697.39,2024-12-03 03:54:47+00
TX2408125,B-20241203,CARD_MC,113.59,3.84,0.19,109.56,2024-12-03 03:55:23+00
TX2403550,B-20241203,AANI,96.78,0.98,0.05,95.75,2024-12-03 03:56:40+00
TX2415114,B-20241203,CARD_MC,367.12,10.18,0.51,356.43,2024-12-03 03:59:57+00
TX2407451,B-20241203,APPLE_PAY,91.73,3.38,0.17,88.18,2024-12-03 04:04:04+00
TX2415908,B-20241203,CARD_MC,2177.03,55.43,2.77,2118.83,2024-12-03 04:05:41+00
TX2401291,B-20241203,CARD_MC,434.91,11.87,0.59,422.45,2024-12-03 04:10:53+00
TX2401473,B-20241203,APPLE_PAY,372.21,10.68,0.53,361.0,2024-12-03 04:12:38+00
TX2410402,B-20241203,CARD_VISA,683.04,17.39,0.87,664.78,2024-12-03 04:12:43+00
TX2400731,B-20241203,CARD_VISA,362.93,9.71,0.49,352.73,2024-12-03 04:14:30+00
TX2416113,B-20241203,APPLE_PAY,130.68,4.4,0.22,126.06,2024-12-03 04:15:23+00
TX2407319,B-20241203,CARD_MC,551.15,14.78,0.74,535.63,2024-12-03 04:16:05+00
TX2403920,B-20241203,UAE_DDS,457.68,2.75,0.14,454.79,2024-12-03 04:16:35+00
TX2411968,B-20241203,CARD_VISA,567.48,14.62,0.73,552.13,2024-12-03 04:16:42+00
TX2404916,B-20241203,CARD_MC,276.53,7.91,0.4,268.22,2024-12-03 04:17:06+00
TX2413427,B-20241203,CARD_MC,318.01,8.95,0.45,308.61,2024-12-03 04:20:08+00
TX2422364,B-20241203,CARD_MC,62.52,2.56,0.13,59.83,2024-12-03 04:21:11+00
TX2401581,B-20241203,CARD_MC,1536.03,39.4,1.97,1494.66,2024-12-03 04:21:49+00
TX2417315,B-20241203,CARD_MC,68.83,2.72,0.14,65.97,2024-12-03 04:21:59+00
TX2409690,B-20241203,CARD_MC,227.46,6.69,0.33,220.44,2024-12-03 04:26:06+00
TX2409405,B-20241203,CARD_VISA,89.39,3.15,0.16,86.08,2024-12-03 04:26:57+00
TX2413709,B-20241203,CARD_VISA,157.68,4.78,0.24,152.66,2024-12-03 04:28:19+00
TX2411371,B-20241203,CARD_MC,174.57,5.36,0.27,168.94,2024-12-03 04:29:46+00
TX2420274,B-20241203,APPLE_PAY,89.11,3.32,0.17,85.62,2024-12-03 04:29:50+00
TX2421321,B-20241203,CARD_VISA,318.06,8.63,0.43,309.0,2024-12-03 04:31:18+00
TX2421098,B-20241203,CARD_VISA,53.64,2.29,0.11,51.24,2024-12-03 04:31:20+00
TX2401769,B-20241203,APPLE_PAY,657.71,18.1,0.91,638.7,2024-12-03 04:32:30+00
TX2404642,B-20241203,CARD_VISA,1502.82,37.07,1.85,1463.9,2024-12-03 04:32:32+00
TX2412407,B-20241203,AANI,223.52,1.62,0.08,221.82,2024-12-03 04:33:14+00
TX2406057,B-20241203,APPLE_PAY,204.77,6.32,0.32,198.13,2024-12-03 04:33:50+00
TX2404594,B-20241203,CARD_MC,234.37,6.86,0.34,227.17,2024-12-03 04:34:52+00
TX2422656,B-20241203,CARD_MC,77.47,2.94,0.15,74.38,2024-12-03 04:35:33+00
TX2411271,B-20241203,CARD_VISA,595.62,15.29,0.76,579.57,2024-12-03 04:36:01+00
TX2424883,B-20241203,APPLE_PAY,422.65,11.99,0.6,410.06,2024-12-03 04:38:44+00
TX2408024,B-20241203,CARD_VISA,239.4,6.75,0.34,232.31,2024-12-03 04:40:50+00
TX2411494,B-20241203,CARD_VISA,101.91,3.45,0.17,98.29,2024-12-03 04:42:13+00
TX2425810,B-20241203,AANI,52.17,0.76,0.04,51.37,2024-12-03 04:42:56+00
TX2424615,B-20241203,CARD_VISA,1266.57,31.4,1.57,1233.6,2024-12-03 04:45:57+00
TX2419403,B-20241203,CARD_VISA,118.73,3.85,0.19,114.69,2024-12-03 04:46:34+00
TX2414052,B-20241203,CARD_VISA,210.68,6.06,0.3,204.32,2024-12-03 04:47:01+00
TX2411518,B-20241203,CARD_VISA,169.83,5.08,0.25,164.5,2024-12-03 04:47:10+00
TX2408023,B-20241203,CARD_VISA,128.25,4.08,0.2,123.97,2024-12-03 04:48:05+00
TX2414873,B-20241203,APPLE_PAY,175.18,5.55,0.28,169.35,2024-12-03 04:48:47+00
TX2404415,B-20241203,CARD_VISA,1134.43,28.23,1.41,1104.79,2024-12-03 04:49:07+00
TX2424952,B-20241203,CARD_VISA,480.89,12.54,0.63,467.72,2024-12-03 04:49:42+00
TX2407984,B-20241203,CARD_VISA,259.51,7.23,0.36,251.92,2024-12-03 04:51:16+00
TX2406415,B-20241203,CARD_VISA,45.48,2.09,0.1,43.29,2024-12-03 04:51:19+00
TX2401853,B-20241203,CARD_MC,129.88,4.25,0.21,125.42,2024-12-03 04:53:21+00
TX2412000,B-20241203,APPLE_PAY,81.16,3.11,0.16,77.89,2024-12-03 04:55:10+00
TX2412131,B-20241203,AANI,411.22,2.56,0.13,408.53,2024-12-03 04:58:05+00
TX2419710,B-20241203,CARD_MC,487.58,13.19,0.66,473.73,2024-12-03 04:59:39+00
TX2408733,B-20241203,CARD_VISA,627.62,16.06,0.8,610.76,2024-12-03 05:01:36+00
TX2425047,B-20241203,UAE_DDS,299.75,1.8,0.09,297.86,2024-12-03 05:02:15+00
TX2422596,B-20241203,CARD_MC,401.04,11.03,0.55,389.46,2024-12-03 05:02:47+00
TX2416585,B-20241203,AANI,252.1,1.76,0.09,250.25,2024-12-03 05:03:47+00
TX2413556,B-20241203,AANI,1643.12,8.72,0.44,1633.96,2024-12-03 05:05:36+00
TX2412281,B-20241203,AANI,208.63,1.54,0.08,207.01,2024-12-03 05:08:22+00
TX2402643,B-20241203,CARD_VISA,273.75,7.57,0.38,265.8,2024-12-03 05:08:26+00
TX2406230,B-20241203,CARD_MC,274.41,7.86,0.39,266.16,2024-12-03 05:09:20+00
TX2424474,B-20241203,CARD_MC,252.1,7.3,0.36,244.44,2024-12-03 05:10:37+00
TX2424281,B-20241203,CARD_VISA,133.25,4.2,0.21,128.84,2024-12-03 05:13:35+00
TX2423931,B-20241203,CARD_VISA,237.94,6.71,0.34,230.89,2024-12-03 05:13:49+00
TX2415729,B-20241203,UAE_DDS,342.76,2.06,0.1,340.6,2024-12-03 05:13:53+00
TX2421259,B-20241203,CARD_VISA,363.46,9.72,0.49,353.25,2024-12-03 05:15:03+00
TX2412761,B-20241203,CARD_VISA,60.42,2.45,0.12,57.85,2024-12-03 05:16:37+00
TX2418105,B-20241203,AANI,375.07,4.25,0.21,370.61,2024-12-03 05:18:11+00
