invoice_number,gateway_txn_ref,payment_rail,gross_amount,vat_amount_aed,payment_status,posting_date_gst
INV-3100001,TX2400001,CARD_MC,1005.18,47.87,PAID,2024-12-02
INV-3100046,TX2400046,CARD_MC,1443.5,68.74,PAID,2024-12-02
INV-3100106,TX2400106,CARD_MC,322.72,15.37,PAID,2024-12-02
INV-3100107,TX2400107,CARD_VISA,25.0,1.19,PAID,2024-12-03
INV-3100108,TX2400108,CARD_VISA,1652.72,78.7,PAID,2024-12-03
INV-3100139,TX2400139,CARD_MC,117.29,5.59,PAID,2024-12-02
INV-3100161,TX2400161,APPLE_PAY,163.98,7.81,PAID,2024-12-02
INV-3100248,TX2400248,CARD_MC,301.33,14.35,PAID,2024-12-02
INV-3100312,TX2400312,CARD_VISA,230.63,10.98,PAID,2024-12-02
INV-3100354,TX2400354,CARD_MC,471.02,22.43,PAID,2024-12-03
INV-3100416,TX2400416,CARD_MC,446.84,21.28,PAID,2024-12-02
INV-3100418,TX2400418,APPLE_PAY,516.24,24.58,PAID,2024-12-02
INV-3100450,TX2400450,CARD_VISA,203.61,9.7,PAID,2024-12-02
INV-3100457,TX2400457,CARD_MC,1162.07,55.34,PAID,2024-12-02
INV-3100481,TX2400481,CARD_VISA,154.34,7.35,PAID,2024-12-02
INV-3100483,TX2400483,CARD_VISA,195.82,9.32,PAID,2024-12-02
INV-3100606,TX2400606,APPLE_PAY,198.36,9.45,PAID,2024-12-02
INV-3100676,TX2400676,CARD_MC,463.67,22.08,PAID,2024-12-02
INV-3100693,TX2400693,APPLE_PAY,153.11,7.29,PAID,2024-12-02
INV-3100705,TX2400705,APPLE_PAY,887.98,42.28,PAID,2024-12-02
INV-3100731,TX2400731,CARD_VISA,362.93,17.28,PAID,2024-12-03
INV-3100742,TX2400742,CARD_MC,345.72,16.46,PAID,2024-12-02
INV-3100765,TX2400765,CARD_VISA,585.03,27.86,PAID,2024-12-02
INV-3100816,TX2400816,APPLE_PAY,966.46,46.02,PAID,2024-12-03
INV-3100861,TX2400861,CARD_VISA,612.71,29.18,PAID,2024-12-02
INV-3100892,TX2400892,UAE_DDS,226.44,10.78,PAID,2024-12-03
INV-3100921,TX2400921,APPLE_PAY,634.89,30.23,PAID,2024-12-02
INV-3100959,TX2400959,CARD_MC,392.57,18.69,PAID,2024-12-02
INV-3101012,TX2401012,CARD_MC,114.71,5.46,PAID,2024-12-02
INV-3101045,TX2401045,CARD_VISA,255.69,12.18,PAID,2024-12-02
INV-3101071,TX2401071,CARD_VISA,415.33,19.78,PAID,2024-12-02
INV-3101091,TX2401091,CARD_MC,491.83,23.42,PAID,2024-12-03
INV-3101153,TX2401153,CARD_VISA,161.37,7.68,PAID,2024-12-02
INV-3101184,TX2401184,CARD_VISA,228.4,10.88,PAID,2024-12-02
INV-3101217,TX2401217,CARD_VISA,114.97,5.47,PAID,2024-12-02
INV-3101262,TX2401262,APPLE_PAY,275.77,13.13,PAID,2024-12-02
INV-3101289,TX2401289,CARD_MC,148.93,7.09,PAID,2024-12-02
INV-3101291,TX2401291,CARD_MC,434.91,20.71,PAID,2024-12-03
INV-3101308,TX2401308,CARD_MC,106.6,5.08,PAID,2024-12-02
INV-3101399,TX2401399,CARD_VISA,145.09,6.91,PAID,2024-12-02
INV-3101409,TX2401409,APPLE_PAY,303.5,14.45,PAID,2024-12-02
INV-3101416,TX2401416,UAE_DDS,441.29,21.01,PAID,2024-12-02
INV-3101423,TX2401423,CARD_MC,179.78,8.56,PAID,2024-12-03
INV-3101473,TX2401473,APPLE_PAY,372.21,17.72,PAID,2024-12-03
INV-3101475,TX2401475,CARD_VISA,300.82,14.32,PAID,2024-12-02
INV-3101478,TX2401478,APPLE_PAY,348.59,16.6,PAID,2024-12-02
INV-3101491,TX2401491,CARD_MC,240.86,11.47,PAID,2024-12-02
INV-3101581,TX2401581,CARD_MC,1536.03,73.14,PAID,2024-12-03
INV-3101693,TX2401693,APPLE_PAY,162.12,7.72,PAID,2024-12-02
INV-3101769,TX2401769,APPLE_PAY,657.71,31.32,PAID,2024-12-03
INV-3101853,TX2401853,CARD_MC,129.88,6.18,PAID,2024-12-03
INV-3101889,TX2401889,CARD_MC,207.27,9.87,PAID,2024-12-02
INV-3101903,TX2401903,APPLE_PAY,1071.43,51.02,PAID,2024-12-02
INV-3101937,TX2401937,UAE_DDS,324.16,15.44,PAID,2024-12-02
INV-3101983,TX2401983,CARD_VISA,386.41,18.4,PAID,2024-12-02
INV-3102001,TX2402001,CARD_MC,473.23,22.53,PAID,2024-12-02
INV-3102007,TX2402007,APPLE_PAY,212.13,10.1,PAID,2024-12-02
INV-3102058,TX2402058,CARD_MC,95.85,4.56,PAID,2024-12-02
INV-3102111,TX2402111,APPLE_PAY,270.98,12.9,PAID,2024-12-02
INV-3102196,TX2402196,APPLE_PAY,122.23,5.82,PAID,2024-12-02
INV-3102338,TX2402338,UAE_DDS,143.45,6.83,PAID,2024-12-02
INV-3102358,TX2402358,CARD_VISA,127.14,6.05,PAID,2024-12-02
INV-3102371,TX2402371,CARD_MC,363.35,17.3,PAID,2024-12-02
INV-3102380,TX2402380,UAE_DDS,644.44,30.69,PAID,2024-12-02
INV-3102468,TX2402468,CARD_VISA,57.49,2.74,PAID,2024-12-03
INV-3102469,TX2402469,CARD_VISA,287.58,13.69,PAID,2024-12-02
INV-3102487,TX2402487,CARD_VISA,307.89,14.66,PAID,2024-12-03
INV-3102596,TX2402596,CARD_VISA,195.36,9.3,PAID,2024-12-03
INV-3102630,TX2402630,CARD_VISA,471.82,22.47,PAID,2024-12-03
INV-3102640,TX2402640,APPLE_PAY,69.32,3.3,PAID,2024-12-02
INV-3102643,TX2402643,CARD_VISA,273.75,13.04,PAID,2024-12-03
INV-3102644,TX2402644,CARD_VISA,335.56,15.98,PAID,2024-12-02
INV-3102655,TX2402655,CARD_VISA,117.45,5.59,PAID,2024-12-03
INV-3102673,TX2402673,CARD_VISA,125.49,5.98,PAID,2024-12-02
INV-3102711,TX2402711,CARD_VISA,92.51,4.41,PAID,2024-12-03
INV-3102714,TX2402714,CARD_VISA,136.96,6.52,PAID,2024-12-02
INV-3102804,TX2402804,CARD_VISA,53.14,2.53,PAID,2024-12-02
INV-3102809,TX2402809,CARD_VISA,376.66,17.94,PAID,2024-12-02
INV-3102816,TX2402816,UAE_DDS,228.98,10.9,PAID,2024-12-03
INV-3102821,TX2402821,CARD_VISA,428.08,20.38,PAID,2024-12-02
INV-3102838,TX2402838,CARD_VISA,219.04,10.43,PAID,2024-12-02
INV-3102930,TX2402930,AANI,886.28,42.2,PAID,2024-12-02
INV-3102937,TX2402937,CARD_MC,84.7,4.03,PAID,2024-12-03
INV-3102940,TX2402940,CARD_VISA,1015.88,48.38,PAID,2024-12-02
INV-3102971,TX2402971,CARD_MC,373.07,17.77,PAID,2024-12-02
INV-3103018,TX2403018,CARD_VISA,1599.31,76.16,PAID,2024-12-03
INV-3103060,TX2403060,UAE_DDS,194.99,9.29,PAID,2024-12-03
INV-3103069,TX2403069,CARD_MC,170.77,8.13,PAID,2024-12-02
INV-3103238,TX2403238,CARD_VISA,116.24,5.54,PAID,2024-12-02
INV-3103242,TX2403242,CARD_VISA,242.37,11.54,PAID,2024-12-02
INV-3103248,TX2403248,CARD_VISA,455.15,21.67,PAID,2024-12-02
INV-3103311,TX2403311,APPLE_PAY,1283.86,61.14,PAID,2024-12-02
INV-3103351,TX2403351,CARD_VISA,69.3,3.3,PAID,2024-12-02
INV-3103357,TX2403357,CARD_VISA,260.09,12.39,PAID,2024-12-02
INV-3103369,TX2403369,CARD_MC,460.57,21.93,PAID,2024-12-02
INV-3103374,TX2403374,CARD_VISA,383.3,18.25,PAID,2024-12-02
INV-3103404,TX2403404,CARD_VISA,340.0,16.19,PAID,2024-12-02
INV-3103449,TX2403449,CARD_VISA,93.15,4.44,PAID,2024-12-02
INV-3103497,TX2403497,CARD_VISA,180.56,8.6,PAID,2024-12-03
INV-3103511,TX2403511,CARD_VISA,121.61,5.79,PAID,2024-12-03
INV-3103527,TX2403527,APPLE_PAY,391.95,18.66,PAID,2024-12-02
INV-3103529,TX2403529,CARD_VISA,306.75,14.61,PAID,2024-12-02
INV-3103550,TX2403550,AANI,96.78,4.61,PAID,2024-12-03
INV-3103593,TX2403593,APPLE_PAY,446.14,21.24,PAID,2024-12-02
INV-3103636,TX2403636,CARD_VISA,109.32,5.21,PAID,2024-12-02
INV-3103677,TX2403677,CARD_MC,167.57,7.98,PAID,2024-12-02
INV-3103687,TX2403687,CARD_VISA,114.66,5.46,PAID,2024-12-03
INV-3103757,TX2403757,CARD_VISA,343.67,16.37,PAID,2024-12-02
INV-3103810,TX2403810,CARD_VISA,73.98,3.52,PAID,2024-12-02
INV-3103820,TX2403820,CARD_VISA,627.33,29.87,PAID,2024-12-02
INV-3103847,TX2403847,APPLE_PAY,41.49,1.98,PAID,2024-12-02
INV-3103889,TX2403889,CARD_MC,130.71,6.22,PAID,2024-12-02
INV-3103920,TX2403920,UAE_DDS,457.68,21.79,PAID,2024-12-03
INV-3103943,TX2403943,CARD_VISA,260.19,12.39,PAID,2024-12-03
INV-3103947,TX2403947,CARD_MC,105.1,5.0,PAID,2024-12-03
INV-3103957,TX2403957,CARD_VISA,136.68,6.51,PAID,2024-12-03
INV-3103999,TX2403999,UAE_DDS,220.22,10.49,PAID,2024-12-02
INV-3104068,TX2404068,CARD_MC,56.13,2.67,PAID,2024-12-02
INV-3104095,TX2404095,APPLE_PAY,70.1,3.34,PAID,2024-12-02
INV-3104175,TX2404175,CARD_VISA,317.06,15.1,PAID,2024-12-02
INV-3104178,TX2404178,CARD_VISA,136.93,6.52,PAID,2024-12-03
INV-3104188,TX2404188,CARD_VISA,453.36,21.59,PAID,2024-12-02
INV-3104213,TX2404213,CARD_MC,39.87,1.9,PAID,2024-12-03
INV-3104216,TX2404216,APPLE_PAY,323.59,15.41,PAID,2024-12-02
INV-3104234,TX2404234,CARD_MC,291.43,13.88,PAID,2024-12-02
INV-3104236,TX2404236,CARD_VISA,141.18,6.72,PAID,2024-12-02
INV-3104237,TX2404237,CARD_MC,155.64,7.41,PAID,2024-12-03
INV-3104255,TX2404255,CARD_VISA,316.09,15.05,PAID,2024-12-02
INV-3104327,TX2404327,AANI,32.8,1.56,PAID,2024-12-02
INV-3104345,TX2404345,CARD_MC,109.29,5.2,PAID,2024-12-03
INV-3104360,TX2404360,CARD_VISA,265.63,12.65,PAID,2024-12-03
INV-3104401,TX2404401,CARD_MC,103.03,4.91,PAID,2024-12-03
INV-3104415,TX2404415,CARD_VISA,1134.43,54.02,PAID,2024-12-03
INV-3104450,TX2404450,CARD_VISA,295.22,14.06,PAID,2024-12-02
INV-3104454,TX2404454,CARD_VISA,98.76,4.7,PAID,2024-12-03
INV-3104504,TX2404504,CARD_VISA,342.83,16.33,PAID,2024-12-02
INV-3104532,TX2404532,CARD_MC,219.9,10.47,PAID,2024-12-03
INV-3104542,TX2404542,CARD_VISA,310.58,14.79,PAID,2024-12-03
INV-3104594,TX2404594,CARD_MC,234.37,11.16,PAID,2024-12-03
INV-3104612,TX2404612,CARD_VISA,642.9,30.61,PAID,2024-12-02
INV-3104632,TX2404632,CARD_VISA,320.59,15.27,PAID,2024-12-02
INV-3104642,TX2404642,CARD_VISA,1502.82,71.56,PAID,2024-12-03
INV-3104723,TX2404723,CARD_VISA,138.77,6.61,PAID,2024-12-02
INV-3104730,TX2404730,CARD_VISA,287.21,13.68,PAID,2024-12-02
INV-3104754,TX2404754,CARD_VISA,111.45,5.31,PAID,2024-12-03
INV-3104774,TX2404774,CARD_MC,92.07,4.38,PAID,2024-12-02
INV-3104775,TX2404775,APPLE_PAY,243.26,11.58,PAID,2024-12-02
INV-3104826,TX2404826,CARD_MC,315.2,15.01,PAID,2024-12-02
INV-3104859,TX2404859,CARD_VISA,391.31,18.63,PAID,2024-12-03
INV-3104887,TX2404887,CARD_VISA,26.39,1.26,PAID,2024-12-02
INV-3104916,TX2404916,CARD_MC,276.53,13.17,PAID,2024-12-03
INV-3104917,TX2404917,CARD_MC,240.1,11.43,PAID,2024-12-03
INV-3104957,TX2404957,CARD_MC,871.76,41.51,PAID,2024-12-02
INV-3104968,TX2404968,CARD_MC,166.73,7.94,PAID,2024-12-02
INV-3104997,TX2404997,CARD_MC,309.47,14.74,PAID,2024-12-02
INV-3105001,TX2405001,CARD_MC,601.18,28.63,PAID,2024-12-02
INV-3105007,TX2405007,CARD_VISA,1879.6,89.5,PAID,2024-12-03
INV-3105010,TX2405010,CARD_VISA,438.74,20.89,PAID,2024-12-03
INV-3105018,TX2405018,APPLE_PAY,793.72,37.8,PAID,2024-12-02
INV-3105022,TX2405022,CARD_MC,95.44,4.54,PAID,2024-12-03
INV-3105070,TX2405070,CARD_MC,518.7,24.7,PAID,2024-12-02
INV-3105125,TX2405125,CARD_MC,128.59,6.12,PAID,2024-12-03
INV-3105144,TX2405144,CARD_VISA,444.52,21.17,PAID,2024-12-02
INV-3105148,TX2405148,CARD_VISA,1368.65,65.17,PAID,2024-12-03
INV-3105155,TX2405155,CARD_MC,391.78,18.66,PAID,2024-12-02
INV-3105194,TX2405194,CARD_VISA,206.27,9.82,PAID,2024-12-02
INV-3105231,TX2405231,CARD_VISA,172.26,8.2,PAID,2024-12-03
INV-3105253,TX2405253,CARD_VISA,179.01,8.52,PAID,2024-12-03
INV-3105254,TX2405254,CARD_VISA,58.29,2.78,PAID,2024-12-03
INV-3105262,TX2405262,APPLE_PAY,1161.66,55.32,PAID,2024-12-02
INV-3105265,TX2405265,APPLE_PAY,1135.45,54.07,PAID,2024-12-02
INV-3105267,TX2405267,APPLE_PAY,272.46,12.97,PAID,2024-12-03
INV-3105411,TX2405411,CARD_MC,25.0,1.19,PAID,2024-12-03
INV-3105412,TX2405412,CARD_MC,170.7,8.13,PAID,2024-12-02
INV-3105539,TX2405539,CARD_MC,407.23,19.39,PAID,2024-12-02
INV-3105548,TX2405548,CARD_VISA,308.35,14.68,PAID,2024-12-02
INV-3105590,TX2405590,CARD_VISA,55.67,2.65,PAID,2024-12-02
INV-3105594,TX2405594,CARD_MC,1029.19,49.01,PAID,2024-12-02
INV-3105655,TX2405655,CARD_MC,251.47,11.97,PAID,2024-12-02
INV-3105680,TX2405680,CARD_MC,108.31,5.16,PAID,2024-12-02
INV-3105695,TX2405695,AANI,144.38,6.88,PAID,2024-12-02
INV-3105792,TX2405792,CARD_MC,153.84,7.33,PAID,2024-12-03
INV-3105800,TX2405800,CARD_VISA,248.07,11.81,PAID,2024-12-02
INV-3105803,TX2405803,APPLE_PAY,314.07,14.96,PAID,2024-12-03
INV-3105870,TX2405870,CARD_MC,201.37,9.59,PAID,2024-12-02
INV-3105907,TX2405907,CARD_VISA,184.64,8.79,PAID,2024-12-02
INV-3105936,TX2405936,UAE_DDS,1891.26,90.06,PAID,2024-12-02
INV-3106022,TX2406022,CARD_MC,176.62,8.41,PAID,2024-12-03
INV-3106057,TX2406057,APPLE_PAY,204.77,9.75,PAID,2024-12-03
INV-3106059,TX2406059,APPLE_PAY,1148.14,54.67,PAID,2024-12-03
INV-3106062,TX2406062,CARD_MC,183.09,8.72,PAID,2024-12-02
INV-3106127,TX2406127,UAE_DDS,72.66,3.46,PAID,2024-12-02
INV-3106147,TX2406147,CARD_VISA,652.94,31.09,PAID,2024-12-03
INV-3106159,TX2406159,APPLE_PAY,354.16,16.86,PAID,2024-12-03
INV-3106168,TX2406168,CARD_VISA,255.95,12.19,PAID,2024-12-03
INV-3106230,TX2406230,CARD_MC,274.41,13.07,PAID,2024-12-03
INV-3106233,TX2406233,APPLE_PAY,203.36,9.68,PAID,2024-12-02
INV-3106242,TX2406242,CARD_VISA,53.99,2.57,PAID,2024-12-02
INV-3106256,TX2406256,CARD_VISA,30.02,1.43,PAID,2024-12-03
INV-3106263,TX2406263,CARD_MC,795.15,37.86,PAID,2024-12-02
INV-3106292,TX2406292,CARD_MC,47.24,2.25,PAID,2024-12-02
INV-3106348,TX2406348,APPLE_PAY,555.97,26.47,PAID,2024-12-02
INV-3106371,TX2406371,CARD_MC,174.02,8.29,PAID,2024-12-03
INV-3106415,TX2406415,CARD_VISA,45.48,2.17,PAID,2024-12-03
INV-3106467,TX2406467,CARD_VISA,123.84,5.9,PAID,2024-12-02
INV-3106475,TX2406475,CARD_MC,797.59,37.98,PAID,2024-12-02
INV-3106564,TX2406564,CARD_MC,424.86,20.23,PAID,2024-12-02
INV-3106568,TX2406568,CARD_VISA,731.81,34.85,PAID,2024-12-02
INV-3106577,TX2406577,CARD_VISA,130.24,6.2,PAID,2024-12-02
INV-3106590,TX2406590,APPLE_PAY,151.02,7.19,PAID,2024-12-02
INV-3106644,TX2406644,CARD_MC,909.25,43.3,PAID,2024-12-02
INV-3106646,TX2406646,CARD_VISA,594.35,28.3,PAID,2024-12-02
INV-3106666,TX2406666,CARD_MC,386.54,18.41,PAID,2024-12-02
INV-3106682,TX2406682,CARD_MC,943.99,44.95,PAID,2024-12-02
INV-3106688,TX2406688,CARD_MC,34.86,1.66,PAID,2024-12-02
INV-3106728,TX2406728,CARD_VISA,436.4,20.78,PAID,2024-12-03
INV-3106794,TX2406794,UAE_DDS,247.91,11.81,PAID,2024-12-03
INV-3106851,TX2406851,CARD_VISA,130.21,6.2,PAID,2024-12-02
INV-3106897,TX2406897,APPLE_PAY,477.25,22.73,PAID,2024-12-03
INV-3106972,TX2406972,AANI,168.46,8.02,PAID,2024-12-03
INV-3107011,TX2407011,CARD_VISA,438.65,20.89,PAID,2024-12-03
INV-3107013,TX2407013,CARD_VISA,62.54,2.98,PAID,2024-12-02
INV-3107026,TX2407026,CARD_MC,184.65,8.79,PAID,2024-12-02
INV-3107035,TX2407035,CARD_MC,265.87,12.66,PAID,2024-12-03
INV-3107110,TX2407110,APPLE_PAY,130.21,6.2,PAID,2024-12-03
INV-3107126,TX2407126,CARD_VISA,953.44,45.4,PAID,2024-12-02
INV-3107145,TX2407145,CARD_VISA,76.46,3.64,PAID,2024-12-03
INV-3107154,TX2407154,CARD_VISA,90.12,4.29,PAID,2024-12-02
INV-3107202,TX2407202,CARD_MC,1092.54,52.03,PAID,2024-12-02
INV-3107254,TX2407254,CARD_MC,1338.21,63.72,PAID,2024-12-03
INV-3107262,TX2407262,CARD_MC,232.97,11.09,PAID,2024-12-02
INV-3107264,TX2407264,AANI,547.91,26.09,PAID,2024-12-03
INV-3107319,TX2407319,CARD_MC,551.15,26.25,PAID,2024-12-03
INV-3107379,TX2407379,APPLE_PAY,907.81,43.23,PAID,2024-12-02
INV-3107384,TX2407384,AANI,198.9,9.47,PAID,2024-12-02
INV-3107421,TX2407421,APPLE_PAY,82.22,3.92,PAID,2024-12-02
INV-3107436,TX2407436,CARD_VISA,274.66,13.08,PAID,2024-12-02
INV-3107451,TX2407451,APPLE_PAY,91.73,4.37,PAID,2024-12-03
INV-3107463,TX2407463,CARD_VISA,256.08,12.19,PAID,2024-12-02
INV-3107478,TX2407478,CARD_MC,265.21,12.63,PAID,2024-12-02
INV-3107483,TX2407483,CARD_VISA,70.82,3.37,PAID,2024-12-02
INV-3107491,TX2407491,CARD_MC,186.88,8.9,PAID,2024-12-02
INV-3107503,TX2407503,CARD_MC,428.18,20.39,PAID,2024-12-02
INV-3107548,TX2407548,CARD_MC,82.39,3.92,PAID,2024-12-02
INV-3107558,TX2407558,CARD_MC,77.35,3.68,PAID,2024-12-02
INV-3107589,TX2407589,UAE_DDS,353.16,16.82,PAID,2024-12-02
INV-3107611,TX2407611,CARD_VISA,83.07,3.96,PAID,2024-12-03
INV-3107620,TX2407620,CARD_VISA,406.21,19.34,PAID,2024-12-03
INV-3107631,TX2407631,CARD_MC,153.9,7.33,PAID,2024-12-02
INV-3107638,TX2407638,CARD_VISA,248.16,11.82,PAID,2024-12-02
INV-3107663,TX2407663,CARD_MC,515.0,24.52,PAID,2024-12-02
INV-3107681,TX2407681,CARD_MC,57.42,2.73,PAID,2024-12-03
INV-3107686,TX2407686,APPLE_PAY,100.64,4.79,PAID,2024-12-03
INV-3107694,TX2407694,AANI,55.24,2.63,PAID,2024-12-03
INV-3107760,TX2407760,CARD_VISA,430.39,20.49,PAID,2024-12-02
INV-3107816,TX2407816,UAE_DDS,70.01,3.33,PAID,2024-12-02
INV-3107831,TX2407831,UAE_DDS,170.2,8.1,PAID,2024-12-02
INV-3107840,TX2407840,CARD_VISA,30.78,1.47,PAID,2024-12-02
INV-3107899,TX2407899,CARD_VISA,221.91,10.57,PAID,2024-12-03
INV-3107923,TX2407923,CARD_VISA,326.39,15.54,PAID,2024-12-02
INV-3107924,TX2407924,CARD_VISA,298.09,14.19,PAID,2024-12-03
INV-3107984,TX2407984,CARD_VISA,259.51,12.36,PAID,2024-12-03
INV-3108023,TX2408023,CARD_VISA,128.25,6.11,PAID,2024-12-03
INV-3108024,TX2408024,CARD_VISA,239.4,11.4,PAID,2024-12-03
INV-3108068,TX2408068,CARD_VISA,550.7,26.22,PAID,2024-12-02
INV-3108094,TX2408094,CARD_MC,1348.86,64.23,PAID,2024-12-02
INV-3108125,TX2408125,CARD_MC,113.59,5.41,PAID,2024-12-03
INV-3108141,TX2408141,CARD_VISA,223.76,10.66,PAID,2024-12-03
INV-3108146,TX2408146,CARD_VISA,245.34,11.68,PAID,2024-12-02
INV-3108203,TX2408203,CARD_VISA,325.99,15.52,PAID,2024-12-03
INV-3108223,TX2408223,CARD_MC,965.94,46.0,PAID,2024-12-03
INV-3108236,TX2408236,CARD_VISA,106.42,5.07,PAID,2024-12-02
INV-3108336,TX2408336,APPLE_PAY,529.24,25.2,PAID,2024-12-02
INV-3108348,TX2408348,CARD_VISA,311.42,14.83,PAID,2024-12-02
INV-3108418,TX2408418,UAE_DDS,896.06,42.67,PAID,2024-12-02
INV-3108434,TX2408434,CARD_MC,617.09,29.39,PAID,2024-12-02
INV-3108468,TX2408468,UAE_DDS,298.52,14.22,PAID,2024-12-02
INV-3108568,TX2408568,CARD_VISA,715.12,34.05,PAID,2024-12-02
INV-3108640,TX2408640,CARD_MC,605.65,28.84,PAID,2024-12-03
INV-3108682,TX2408682,UAE_DDS,543.54,25.88,PAID,2024-12-03
INV-3108733,TX2408733,CARD_VISA,627.62,29.89,PAID,2024-12-03
INV-3108763,TX2408763,UAE_DDS,340.41,16.21,PAID,2024-12-02
INV-3108812,TX2408812,CARD_VISA,178.96,8.52,PAID,2024-12-02
INV-3108820,TX2408820,CARD_VISA,623.33,29.68,PAID,2024-12-02
INV-3108844,TX2408844,CARD_MC,130.55,6.22,PAID,2024-12-02
INV-3108883,TX2408883,CARD_MC,841.49,40.07,PAID,2024-12-03
INV-3108890,TX2408890,APPLE_PAY,55.67,2.65,PAID,2024-12-03
INV-3108913,TX2408913,AANI,73.44,3.5,PAID,2024-12-03
INV-3108997,TX2408997,CARD_MC,53.29,2.54,PAID,2024-12-02
INV-3109021,TX2409021,CARD_VISA,118.43,5.64,PAID,2024-12-02
INV-3109031,TX2409031,APPLE_PAY,1003.67,47.79,PAID,2024-12-03
INV-3109123,TX2409123,CARD_MC,60.22,2.87,PAID,2024-12-02
INV-3109148,TX2409148,CARD_VISA,692.08,32.96,PAID,2024-12-02
INV-3109156,TX2409156,CARD_VISA,620.17,29.53,PAID,2024-12-02
INV-3109176,TX2409176,CARD_VISA,55.32,2.63,PAID,2024-12-03
INV-3109185,TX2409185,CARD_VISA,834.69,39.75,PAID,2024-12-03
INV-3109207,TX2409207,CARD_MC,284.13,13.53,PAID,2024-12-02
INV-3109218,TX2409218,CARD_MC,395.59,18.84,PAID,2024-12-02
INV-3109224,TX2409224,CARD_VISA,614.15,29.25,PAID,2024-12-02
INV-3109231,TX2409231,UAE_DDS,498.06,23.72,PAID,2024-12-02
INV-3109233,TX2409233,CARD_VISA,322.71,15.37,PAID,2024-12-02
INV-3109235,TX2409235,CARD_MC,371.12,17.67,PAID,2024-12-03
INV-3109239,TX2409239,CARD_VISA,3119.03,148.53,PAID,2024-12-02
INV-3109240,TX2409240,CARD_VISA,139.57,6.65,PAID,2024-12-02
INV-3109244,TX2409244,CARD_VISA,840.69,40.03,PAID,2024-12-03
INV-3109370,TX2409370,CARD_VISA,355.46,16.93,PAID,2024-12-02
INV-3109405,TX2409405,CARD_VISA,89.39,4.26,PAID,2024-12-03
INV-3109438,TX2409438,CARD_VISA,390.45,18.59,PAID,2024-12-02
INV-3109445,TX2409445,CARD_MC,402.99,19.19,PAID,2024-12-02
INV-3109455,TX2409455,CARD_VISA,188.04,8.95,PAID,2024-12-03
INV-3109482,TX2409482,CARD_MC,60.16,2.86,PAID,2024-12-02
INV-3109553,TX2409553,UAE_DDS,251.41,11.97,PAID,2024-12-03
INV-3109615,TX2409615,CARD_MC,655.57,31.22,PAID,2024-12-02
INV-3109640,TX2409640,CARD_MC,290.2,13.82,PAID,2024-12-03
INV-3109648,TX2409648,CARD_VISA,393.94,18.76,PAID,2024-12-02
INV-3109690,TX2409690,CARD_MC,227.46,10.83,PAID,2024-12-03
INV-3109776,TX2409776,APPLE_PAY,756.23,36.01,PAID,2024-12-02
INV-3109815,TX2409815,AANI,632.33,30.11,PAID,2024-12-03
INV-3109907,TX2409907,AANI,463.69,22.08,PAID,2024-12-03
INV-3110000,TX2410000,CARD_VISA,1677.16,79.86,PAID,2024-12-02
INV-3110007,TX2410007,CARD_MC,425.67,20.27,PAID,2024-12-02
INV-3110049,TX2410049,CARD_VISA,817.65,38.94,PAID,2024-12-02
INV-3110071,TX2410071,CARD_VISA,164.67,7.84,PAID,2024-12-02
INV-3110081,TX2410081,CARD_VISA,696.58,33.17,PAID,2024-12-03
INV-3110087,TX2410087,CARD_VISA,427.44,20.35,PAID,2024-12-03
INV-3110195,TX2410195,APPLE_PAY,175.63,8.36,PAID,2024-12-02
INV-3110204,TX2410204,CARD_MC,98.96,4.71,PAID,2024-12-03
INV-3110215,TX2410215,AANI,758.9,36.14,PAID,2024-12-02
INV-3110229,TX2410229,CARD_MC,376.81,17.94,PAID,2024-12-03
INV-3110261,TX2410261,CARD_VISA,99.99,4.76,PAID,2024-12-02
INV-3110266,TX2410266,CARD_MC,151.04,7.19,PAID,2024-12-02
INV-3110274,TX2410274,APPLE_PAY,563.66,26.84,PAID,2024-12-02
INV-3110296,TX2410296,APPLE_PAY,810.39,38.59,PAID,2024-12-03
INV-3110342,TX2410342,UAE_DDS,799.02,38.05,PAID,2024-12-02
INV-3110380,TX2410380,CARD_VISA,145.07,6.91,PAID,2024-12-02
INV-3110402,TX2410402,CARD_VISA,683.04,32.53,PAID,2024-12-03
INV-3110590,TX2410590,CARD_MC,94.64,4.51,PAID,2024-12-02
INV-3110610,TX2410610,CARD_VISA,406.02,19.33,PAID,2024-12-03
INV-3110634,TX2410634,CARD_VISA,341.27,16.25,PAID,2024-12-02
INV-3110694,TX2410694,CARD_VISA,83.29,3.97,PAID,2024-12-03
INV-3110711,TX2410711,CARD_MC,174.8,8.32,PAID,2024-12-02
INV-3110797,TX2410797,CARD_VISA,254.08,12.1,PAID,2024-12-03
INV-3110813,TX2410813,UAE_DDS,887.78,42.28,PAID,2024-12-02
INV-3110860,TX2410860,APPLE_PAY,369.65,17.6,PAID,2024-12-02
INV-3110885,TX2410885,UAE_DDS,134.43,6.4,PAID,2024-12-02
INV-3110905,TX2410905,CARD_VISA,36.72,1.75,PAID,2024-12-02
INV-3110976,TX2410976,UAE_DDS,290.26,13.82,PAID,2024-12-02
INV-3111019,TX2411019,APPLE_PAY,213.66,10.17,PAID,2024-12-03
INV-3111064,TX2411064,CARD_VISA,164.71,7.84,PAID,2024-12-02
INV-3111073,TX2411073,CARD_VISA,146.24,6.96,PAID,2024-12-03
INV-3111078,TX2411078,CARD_MC,1162.92,55.38,PAID,2024-12-02
INV-3111121,TX2411121,CARD_VISA,65.11,3.1,PAID,2024-12-02
INV-3111126,TX2411126,APPLE_PAY,108.96,5.19,PAID,2024-12-02
INV-3111144,TX2411144,CARD_VISA,545.12,25.96,PAID,2024-12-02
INV-3111160,TX2411160,CARD_MC,474.76,22.61,PAID,2024-12-03
INV-3111167,TX2411167,CARD_MC,89.66,4.27,PAID,2024-12-02
INV-3111180,TX2411180,APPLE_PAY,385.58,18.36,PAID,2024-12-02
INV-3111192,TX2411192,CARD_VISA,71.39,3.4,PAID,2024-12-03
INV-3111205,TX2411205,CARD_VISA,161.71,7.7,PAID,2024-12-02
INV-3111208,TX2411208,APPLE_PAY,40.95,1.95,PAID,2024-12-02
INV-3111247,TX2411247,CARD_VISA,90.17,4.29,PAID,2024-12-02
INV-3111248,TX2411248,CARD_MC,84.86,4.04,PAID,2024-12-02
INV-3111271,TX2411271,CARD_VISA,595.62,28.36,PAID,2024-12-03
INV-3111284,TX2411284,CARD_MC,469.67,22.37,PAID,2024-12-02
INV-3111298,TX2411298,CARD_MC,407.94,19.43,PAID,2024-12-02
INV-3111300,TX2411300,AANI,133.95,6.38,PAID,2024-12-02
INV-3111315,TX2411315,APPLE_PAY,537.61,25.6,PAID,2024-12-02
INV-3111319,TX2411319,UAE_DDS,105.59,5.03,PAID,2024-12-02
INV-3111324,TX2411324,CARD_VISA,268.26,12.77,PAID,2024-12-03
INV-3111351,TX2411351,CARD_MC,79.24,3.77,PAID,2024-12-02
INV-3111371,TX2411371,CARD_MC,174.57,8.31,PAID,2024-12-03
INV-3111379,TX2411379,CARD_VISA,146.46,6.97,PAID,2024-12-02
INV-3111388,TX2411388,APPLE_PAY,30.75,1.46,PAID,2024-12-03
INV-3111422,TX2411422,CARD_MC,361.77,17.23,PAID,2024-12-03
INV-3111494,TX2411494,CARD_VISA,101.91,4.85,PAID,2024-12-03
INV-3111518,TX2411518,CARD_VISA,169.83,8.09,PAID,2024-12-03
INV-3111553,TX2411553,CARD_MC,402.21,19.15,PAID,2024-12-03
INV-3111649,TX2411649,CARD_VISA,1041.44,49.59,PAID,2024-12-03
INV-3111686,TX2411686,CARD_VISA,269.77,12.85,PAID,2024-12-02
INV-3111694,TX2411694,CARD_VISA,79.54,3.79,PAID,2024-12-02
INV-3111708,TX2411708,CARD_MC,655.41,31.21,PAID,2024-12-02
INV-3111743,TX2411743,UAE_DDS,68.97,3.28,PAID,2024-12-02
INV-3111752,TX2411752,CARD_VISA,163.53,7.79,PAID,2024-12-02
INV-3111782,TX2411782,CARD_VISA,84.32,4.02,PAID,2024-12-03
INV-3111784,TX2411784,CARD_MC,234.94,11.19,PAID,2024-12-02
INV-3111833,TX2411833,CARD_VISA,1330.43,63.35,PAID,2024-12-02
INV-3111912,TX2411912,CARD_VISA,434.05,20.67,PAID,2024-12-02
INV-3111949,TX2411949,CARD_MC,446.29,21.25,PAID,2024-12-02
INV-3111951,TX2411951,CARD_MC,29.98,1.43,PAID,2024-12-02
INV-3111968,TX2411968,CARD_VISA,567.48,27.02,PAID,2024-12-03
INV-3112000,TX2412000,APPLE_PAY,81.16,3.86,PAID,2024-12-03
INV-3112007,TX2412007,CARD_VISA,167.36,7.97,PAID,2024-12-03
INV-3112047,TX2412047,CARD_MC,118.8,5.66,PAID,2024-12-02
INV-3112062,TX2412062,CARD_VISA,220.78,10.51,PAID,2024-12-03
INV-3112091,TX2412091,CARD_MC,114.93,5.47,PAID,2024-12-02
INV-3112099,TX2412099,CARD_MC,1591.78,75.8,PAID,2024-12-03
INV-3112116,TX2412116,APPLE_PAY,347.31,16.54,PAID,2024-12-03
INV-3112131,TX2412131,AANI,411.22,19.58,PAID,2024-12-03
INV-3112167,TX2412167,CARD_VISA,244.79,11.66,PAID,2024-12-02
INV-3112178,TX2412178,CARD_MC,160.65,7.65,PAID,2024-12-03
INV-3112189,TX2412189,CARD_VISA,256.03,12.19,PAID,2024-12-02
INV-3112206,TX2412206,APPLE_PAY,276.22,13.15,PAID,2024-12-02
INV-3112224,TX2412224,CARD_VISA,275.66,13.13,PAID,2024-12-02
INV-3112229,TX2412229,APPLE_PAY,511.74,24.37,PAID,2024-12-03
INV-3112236,TX2412236,AANI,1056.5,50.31,PAID,2024-12-02
INV-3112252,TX2412252,CARD_MC,414.61,19.74,PAID,2024-12-02
INV-3112272,TX2412272,CARD_VISA,249.29,11.87,PAID,2024-12-03
INV-3112281,TX2412281,AANI,208.63,9.93,PAID,2024-12-03
INV-3112322,TX2412322,AANI,1745.79,83.13,PAID,2024-12-02
INV-3112348,TX2412348,UAE_DDS,154.3,7.35,PAID,2024-12-02
INV-3112385,TX2412385,CARD_VISA,559.39,26.64,PAID,2024-12-03
INV-3112407,TX2412407,AANI,223.52,10.64,PAID,2024-12-03
INV-3112462,TX2412462,AANI,255.31,12.16,PAID,2024-12-02
INV-3112490,TX2412490,CARD_MC,55.62,2.65,PAID,2024-12-03
INV-3112492,TX2412492,CARD_VISA,1248.55,59.45,PAID,2024-12-03
INV-3112526,TX2412526,UAE_DDS,204.57,9.74,PAID,2024-12-02
INV-3112538,TX2412538,APPLE_PAY,506.43,24.12,PAID,2024-12-03
INV-3112559,TX2412559,CARD_VISA,317.9,15.14,PAID,2024-12-02
INV-3112620,TX2412620,CARD_MC,167.51,7.98,PAID,2024-12-02
INV-3112630,TX2412630,APPLE_PAY,385.12,18.34,PAID,2024-12-02
INV-3112688,TX2412688,CARD_VISA,247.39,11.78,PAID,2024-12-02
INV-3112693,TX2412693,CARD_VISA,589.1,28.05,PAID,2024-12-02
INV-3112709,TX2412709,APPLE_PAY,139.31,6.63,PAID,2024-12-02
INV-3112715,TX2412715,CARD_MC,293.52,13.98,PAID,2024-12-02
INV-3112761,TX2412761,CARD_VISA,60.42,2.88,PAID,2024-12-03
INV-3112780,TX2412780,CARD_MC,239.2,11.39,PAID,2024-12-03
INV-3112793,TX2412793,CARD_VISA,243.14,11.58,PAID,2024-12-02
INV-3112826,TX2412826,CARD_VISA,470.41,22.4,PAID,2024-12-02
INV-3112855,TX2412855,CARD_MC,660.64,31.46,PAID,2024-12-02
INV-3112917,TX2412917,AANI,87.75,4.18,PAID,2024-12-02
INV-3112924,TX2412924,CARD_VISA,529.92,25.23,PAID,2024-12-02
INV-3112981,TX2412981,CARD_VISA,1315.79,62.66,PAID,2024-12-02
INV-3113113,TX2413113,CARD_VISA,245.07,11.67,PAID,2024-12-03
INV-3113186,TX2413186,APPLE_PAY,85.33,4.06,PAID,2024-12-02
INV-3113190,TX2413190,APPLE_PAY,100.14,4.77,PAID,2024-12-02
INV-3113220,TX2413220,CARD_MC,91.85,4.37,PAID,2024-12-03
INV-3113221,TX2413221,CARD_VISA,210.16,10.01,PAID,2024-12-02
INV-3113245,TX2413245,CARD_VISA,1205.57,57.41,PAID,2024-12-02
INV-3113337,TX2413337,CARD_VISA,1272.01,60.57,PAID,2024-12-03
INV-3113345,TX2413345,APPLE_PAY,598.66,28.51,PAID,2024-12-03
INV-3113348,TX2413348,CARD_VISA,471.76,22.46,PAID,2024-12-03
INV-3113350,TX2413350,CARD_VISA,262.4,12.5,PAID,2024-12-02
INV-3113352,TX2413352,CARD_MC,233.05,11.1,PAID,2024-12-02
INV-3113392,TX2413392,CARD_VISA,200.95,9.57,PAID,2024-12-02
INV-3113427,TX2413427,CARD_MC,318.01,15.14,PAID,2024-12-03
INV-3113431,TX2413431,APPLE_PAY,60.12,2.86,PAID,2024-12-03
INV-3113548,TX2413548,CARD_VISA,237.95,11.33,PAID,2024-12-02
INV-3113556,TX2413556,AANI,1643.12,78.24,PAID,2024-12-03
INV-3113593,TX2413593,CARD_VISA,728.31,34.68,PAID,2024-12-02
INV-3113609,TX2413609,CARD_VISA,344.83,16.42,PAID,2024-12-02
INV-3113620,TX2413620,CARD_VISA,170.13,8.1,PAID,2024-12-02
INV-3113632,TX2413632,AANI,241.61,11.51,PAID,2024-12-03
INV-3113638,TX2413638,CARD_VISA,324.2,15.44,PAID,2024-12-02
INV-3113676,TX2413676,APPLE_PAY,332.6,15.84,PAID,2024-12-02
INV-3113709,TX2413709,CARD_VISA,157.68,7.51,PAID,2024-12-03
INV-3113753,TX2413753,CARD_VISA,501.19,23.87,PAID,2024-12-02
INV-3113763,TX2413763,CARD_MC,101.18,4.82,PAID,2024-12-02
INV-3113767,TX2413767,CARD_MC,340.53,16.22,PAID,2024-12-03
INV-3113873,TX2413873,CARD_MC,1617.14,77.01,PAID,2024-12-02
INV-3113915,TX2413915,UAE_DDS,53.27,2.54,PAID,2024-12-03
INV-3113924,TX2413924,CARD_VISA,372.87,17.76,PAID,2024-12-03
INV-3113947,TX2413947,CARD_VISA,467.97,22.28,PAID,2024-12-02
INV-3114021,TX2414021,APPLE_PAY,295.78,14.08,PAID,2024-12-03
INV-3114052,TX2414052,CARD_VISA,210.68,10.03,PAID,2024-12-03
INV-3114077,TX2414077,CARD_VISA,530.84,25.28,PAID,2024-12-03
INV-3114126,TX2414126,UAE_DDS,466.56,22.22,PAID,2024-12-02
INV-3114163,TX2414163,CARD_MC,305.21,14.53,PAID,2024-12-02
INV-3114274,TX2414274,CARD_VISA,142.53,6.79,PAID,2024-12-02
INV-3114276,TX2414276,CARD_MC,799.39,38.07,PAID,2024-12-03
INV-3114277,TX2414277,APPLE_PAY,220.28,10.49,PAID,2024-12-02
INV-3114303,TX2414303,CARD_VISA,1538.48,73.26,PAID,2024-12-03
INV-3114349,TX2414349,CARD_VISA,213.38,10.16,PAID,2024-12-03
INV-3114454,TX2414454,UAE_DDS,254.35,12.11,PAID,2024-12-03
INV-3114496,TX2414496,CARD_MC,162.85,7.75,PAID,2024-12-02
INV-3114526,TX2414526,CARD_MC,113.89,5.42,PAID,2024-12-02
INV-3114690,TX2414690,CARD_MC,263.05,12.53,PAID,2024-12-02
INV-3114719,TX2414719,APPLE_PAY,588.41,28.02,PAID,2024-12-03
INV-3114744,TX2414744,CARD_VISA,119.02,5.67,PAID,2024-12-03
INV-3114768,TX2414768,UAE_DDS,263.54,12.55,PAID,2024-12-03
INV-3114813,TX2414813,CARD_VISA,340.22,16.2,PAID,2024-12-02
INV-3114819,TX2414819,UAE_DDS,563.8,26.85,PAID,2024-12-02
INV-3114873,TX2414873,APPLE_PAY,175.18,8.34,PAID,2024-12-03
INV-3114885,TX2414885,CARD_VISA,169.27,8.06,PAID,2024-12-03
INV-3114931,TX2414931,CARD_VISA,1818.41,86.59,PAID,2024-12-02
INV-3114965,TX2414965,CARD_MC,99.58,4.74,PAID,2024-12-02
INV-3114986,TX2414986,CARD_VISA,50.1,2.39,PAID,2024-12-02
INV-3115012,TX2415012,CARD_MC,1689.31,80.44,PAID,2024-12-02
INV-3115056,TX2415056,CARD_MC,307.98,14.67,PAID,2024-12-02
INV-3115084,TX2415084,CARD_VISA,357.73,17.03,PAID,2024-12-03
INV-3115085,TX2415085,CARD_VISA,798.33,38.02,PAID,2024-12-02
INV-3115094,TX2415094,CARD_MC,92.21,4.39,PAID,2024-12-03
INV-3115102,TX2415102,CARD_VISA,207.66,9.89,PAID,2024-12-02
INV-3115114,TX2415114,CARD_MC,367.12,17.48,PAID,2024-12-03
INV-3115150,TX2415150,CARD_VISA,425.87,20.28,PAID,2024-12-02
INV-3115227,TX2415227,CARD_VISA,154.24,7.34,PAID,2024-12-02
INV-3115228,TX2415228,CARD_MC,92.77,4.42,PAID,2024-12-02
INV-3115249,TX2415249,CARD_MC,651.12,31.01,PAID,2024-12-02
INV-3115284,TX2415284,CARD_MC,93.68,4.46,PAID,2024-12-03
INV-3115311,TX2415311,CARD_VISA,48.23,2.3,PAID,2024-12-03
INV-3115323,TX2415323,APPLE_PAY,301.33,14.35,PAID,2024-12-03
INV-3115333,TX2415333,CARD_VISA,69.01,3.29,PAID,2024-12-02
INV-3115389,TX2415389,UAE_DDS,63.57,3.03,PAID,2024-12-02
INV-3115421,TX2415421,UAE_DDS,72.78,3.47,PAID,2024-12-02
INV-3115487,TX2415487,APPLE_PAY,128.33,6.11,PAID,2024-12-03
INV-3115564,TX2415564,CARD_MC,609.53,29.03,PAID,2024-12-02
INV-3115574,TX2415574,CARD_VISA,414.08,19.72,PAID,2024-12-02
INV-3115584,TX2415584,CARD_VISA,1667.67,79.41,PAID,2024-12-02
INV-3115626,TX2415626,CARD_VISA,125.04,5.95,PAID,2024-12-03
INV-3115652,TX2415652,CARD_VISA,313.55,14.93,PAID,2024-12-03
INV-3115729,TX2415729,UAE_DDS,342.76,16.32,PAID,2024-12-03
INV-3115770,TX2415770,CARD_MC,371.78,17.7,PAID,2024-12-02
INV-3115779,TX2415779,CARD_VISA,222.05,10.57,PAID,2024-12-02
INV-3115801,TX2415801,CARD_VISA,460.35,21.92,PAID,2024-12-03
INV-3115837,TX2415837,CARD_VISA,130.95,6.24,PAID,2024-12-02
INV-3115901,TX2415901,CARD_MC,211.62,10.08,PAID,2024-12-02
INV-3115907,TX2415907,CARD_VISA,223.13,10.63,PAID,2024-12-02
INV-3115908,TX2415908,CARD_MC,2177.03,103.67,PAID,2024-12-03
INV-3115912,TX2415912,CARD_MC,73.76,3.51,PAID,2024-12-02
INV-3115936,TX2415936,CARD_VISA,48.4,2.3,PAID,2024-12-03
INV-3116013,TX2416013,CARD_VISA,856.89,40.8,PAID,2024-12-02
INV-3116085,TX2416085,CARD_MC,433.75,20.65,PAID,2024-12-02
INV-3116113,TX2416113,APPLE_PAY,130.68,6.22,PAID,2024-12-03
INV-3116126,TX2416126,UAE_DDS,383.76,18.27,PAID,2024-12-02
INV-3116297,TX2416297,APPLE_PAY,229.77,10.94,PAID,2024-12-02
INV-3116302,TX2416302,CARD_MC,340.49,16.21,PAID,2024-12-03
INV-3116375,TX2416375,CARD_MC,144.84,6.9,PAID,2024-12-03
INV-3116438,TX2416438,CARD_VISA,571.7,27.22,PAID,2024-12-02
INV-3116465,TX2416465,CARD_VISA,190.76,9.08,PAID,2024-12-03
INV-3116468,TX2416468,CARD_MC,63.15,3.01,PAID,2024-12-02
INV-3116479,TX2416479,CARD_VISA,141.98,6.76,PAID,2024-12-03
INV-3116489,TX2416489,CARD_MC,113.5,5.4,PAID,2024-12-02
INV-3116569,TX2416569,CARD_MC,196.52,9.36,PAID,2024-12-02
INV-3116585,TX2416585,AANI,252.1,12.0,PAID,2024-12-03
INV-3116616,TX2416616,UAE_DDS,112.53,5.36,PAID,2024-12-03
INV-3116629,TX2416629,CARD_VISA,141.3,6.73,PAID,2024-12-02
INV-3116682,TX2416682,APPLE_PAY,472.52,22.5,PAID,2024-12-03
INV-3116726,TX2416726,AANI,533.44,25.4,PAID,2024-12-03
INV-3116772,TX2416772,CARD_MC,574.55,27.36,PAID,2024-12-02
INV-3116806,TX2416806,CARD_MC,108.84,5.18,PAID,2024-12-03
INV-3116852,TX2416852,CARD_VISA,125.36,5.97,PAID,2024-12-02
INV-3116867,TX2416867,CARD_VISA,163.8,7.8,PAID,2024-12-03
INV-3116980,TX2416980,CARD_MC,707.37,33.68,PAID,2024-12-02
INV-3116981,TX2416981,CARD_MC,638.34,30.4,PAID,2024-12-02
INV-3116995,TX2416995,CARD_MC,94.78,4.51,PAID,2024-12-02
INV-3117092,TX2417092,CARD_VISA,259.76,12.37,PAID,2024-12-02
INV-3117093,TX2417093,AANI,56.25,2.68,PAID,2024-12-02
INV-3117114,TX2417114,CARD_VISA,529.34,25.21,PAID,2024-12-02
INV-3117135,TX2417135,CARD_VISA,238.67,11.37,PAID,2024-12-02
INV-3117143,TX2417143,UAE_DDS,220.69,10.51,PAID,2024-12-02
INV-3117172,TX2417172,AANI,131.53,6.26,PAID,2024-12-02
INV-3117195,TX2417195,CARD_MC,289.18,13.77,PAID,2024-12-03
INV-3117247,TX2417247,CARD_VISA,501.05,23.86,PAID,2024-12-02
INV-3117272,TX2417272,CARD_VISA,292.6,13.93,PAID,2024-12-03
INV-3117305,TX2417305,CARD_MC,520.11,24.77,PAID,2024-12-02
INV-3117315,TX2417315,CARD_MC,68.83,3.28,PAID,2024-12-03
INV-3117323,TX2417323,CARD_MC,373.9,17.8,PAID,2024-12-03
INV-3117359,TX2417359,CARD_VISA,287.17,13.67,PAID,2024-12-03
INV-3117530,TX2417530,CARD_VISA,336.25,16.01,PAID,2024-12-02
INV-3117554,TX2417554,CARD_MC,216.29,10.3,PAID,2024-12-02
INV-3117576,TX2417576,CARD_VISA,76.47,3.64,PAID,2024-12-02
INV-3117609,TX2417609,CARD_VISA,904.99,43.09,PAID,2024-12-02
INV-3117623,TX2417623,CARD_VISA,984.65,46.89,PAID,2024-12-02
INV-3117638,TX2417638,CARD_MC,207.71,9.89,PAID,2024-12-02
INV-3117648,TX2417648,AANI,647.79,30.85,PAID,2024-12-02
INV-3117747,TX2417747,CARD_MC,773.32,36.82,PAID,2024-12-02
INV-3117891,TX2417891,CARD_MC,108.49,5.17,PAID,2024-12-02
INV-3117901,TX2417901,CARD_VISA,298.21,14.2,PAID,2024-12-02
INV-3117922,TX2417922,CARD_VISA,411.08,19.58,PAID,2024-12-02
INV-3117976,TX2417976,AANI,144.59,6.89,PAID,2024-12-03
INV-3118005,TX2418005,CARD_MC,212.05,10.1,PAID,2024-12-03
INV-3118008,TX2418008,UAE_DDS,729.41,34.73,PAID,2024-12-02
INV-3118045,TX2418045,CARD_MC,348.98,16.62,PAID,2024-12-02
INV-3118074,TX2418074,CARD_VISA,218.28,10.39,PAID,2024-12-02
INV-3118105,TX2418105,AANI,375.07,17.86,PAID,2024-12-03
INV-3118228,TX2418228,CARD_VISA,507.87,24.18,PAID,2024-12-02
INV-3118305,TX2418305,CARD_VISA,616.7,29.37,PAID,2024-12-03
INV-3118330,TX2418330,CARD_VISA,168.65,8.03,PAID,2024-12-02
INV-3118340,TX2418340,UAE_DDS,78.71,3.75,PAID,2024-12-02
INV-3118354,TX2418354,CARD_MC,44.67,2.13,PAID,2024-12-02
INV-3118381,TX2418381,CARD_MC,409.0,19.48,PAID,2024-12-03
INV-3118390,TX2418390,CARD_VISA,102.76,4.89,PAID,2024-12-02
INV-3118429,TX2418429,CARD_MC,101.74,4.84,PAID,2024-12-02
INV-3118503,TX2418503,CARD_VISA,767.21,36.53,PAID,2024-12-02
INV-3118526,TX2418526,CARD_VISA,290.72,13.84,PAID,2024-12-02
INV-3118539,TX2418539,UAE_DDS,319.09,15.19,PAID,2024-12-02
INV-3118553,TX2418553,CARD_VISA,97.71,4.65,PAID,2024-12-02
INV-3118561,TX2418561,UAE_DDS,114.96,5.47,PAID,2024-12-02
INV-3118624,TX2418624,AANI,361.49,17.21,PAID,2024-12-03
INV-3118774,TX2418774,CARD_VISA,126.08,6.0,PAID,2024-12-02
INV-3118795,TX2418795,CARD_MC,58.69,2.79,PAID,2024-12-02
INV-3118829,TX2418829,CARD_VISA,310.1,14.77,PAID,2024-12-03
INV-3118910,TX2418910,APPLE_PAY,134.69,6.41,PAID,2024-12-02
INV-3119026,TX2419026,CARD_VISA,498.14,23.72,PAID,2024-12-02
INV-3119081,TX2419081,CARD_MC,121.25,5.77,PAID,2024-12-03
INV-3119082,TX2419082,CARD_VISA,144.85,6.9,PAID,2024-12-03
INV-3119091,TX2419091,CARD_VISA,482.43,22.97,PAID,2024-12-02
INV-3119118,TX2419118,APPLE_PAY,59.62,2.84,PAID,2024-12-02
INV-3119151,TX2419151,APPLE_PAY,114.28,5.44,PAID,2024-12-02
INV-3119219,TX2419219,AANI,110.18,5.25,PAID,2024-12-02
INV-3119262,TX2419262,CARD_MC,444.61,21.17,PAID,2024-12-02
INV-3119307,TX2419307,CARD_VISA,1061.7,50.56,PAID,2024-12-02
INV-3119346,TX2419346,CARD_VISA,1138.37,54.21,PAID,2024-12-02
INV-3119387,TX2419387,APPLE_PAY,263.63,12.55,PAID,2024-12-02
INV-3119403,TX2419403,CARD_VISA,118.73,5.65,PAID,2024-12-03
INV-3119519,TX2419519,AANI,201.15,9.58,PAID,2024-12-02
INV-3119522,TX2419522,CARD_MC,382.23,18.2,PAID,2024-12-02
INV-3119545,TX2419545,CARD_VISA,1625.51,77.41,PAID,2024-12-02
INV-3119555,TX2419555,UAE_DDS,244.68,11.65,PAID,2024-12-02
INV-3119573,TX2419573,APPLE_PAY,1278.06,60.86,PAID,2024-12-02
INV-3119697,TX2419697,APPLE_PAY,101.3,4.82,PAID,2024-12-02
INV-3119710,TX2419710,CARD_MC,487.58,23.22,PAID,2024-12-03
INV-3119748,TX2419748,CARD_VISA,191.95,9.14,PAID,2024-12-02
INV-3119752,TX2419752,CARD_MC,236.14,11.24,PAID,2024-12-02
INV-3119761,TX2419761,CARD_MC,143.96,6.86,PAID,2024-12-02
INV-3119774,TX2419774,CARD_VISA,525.89,25.04,PAID,2024-12-02
INV-3119788,TX2419788,CARD_MC,294.51,14.02,PAID,2024-12-03
INV-3119814,TX2419814,APPLE_PAY,556.33,26.49,PAID,2024-12-02
INV-3119819,TX2419819,CARD_VISA,69.86,3.33,PAID,2024-12-02
INV-3119823,TX2419823,CARD_MC,302.78,14.42,PAID,2024-12-02
INV-3119928,TX2419928,CARD_MC,2040.91,97.19,PAID,2024-12-03
INV-3119965,TX2419965,CARD_MC,83.39,3.97,PAID,2024-12-03
INV-3119986,TX2419986,CARD_MC,521.65,24.84,PAID,2024-12-02
INV-3120002,TX2420002,CARD_MC,70.76,3.37,PAID,2024-12-02
INV-3120050,TX2420050,CARD_VISA,131.09,6.24,PAID,2024-12-02
INV-3120082,TX2420082,CARD_VISA,1556.68,74.13,PAID,2024-12-03
INV-3120088,TX2420088,CARD_VISA,493.23,23.49,PAID,2024-12-02
INV-3120090,TX2420090,CARD_MC,96.88,4.61,PAID,2024-12-02
INV-3120091,TX2420091,CARD_VISA,709.11,33.77,PAID,2024-12-02
INV-3120111,TX2420111,CARD_VISA,211.15,10.05,PAID,2024-12-02
INV-3120118,TX2420118,CARD_VISA,187.02,8.91,PAID,2024-12-02
INV-3120125,TX2420125,CARD_VISA,564.99,26.9,PAID,2024-12-03
INV-3120221,TX2420221,CARD_MC,297.1,14.15,PAID,2024-12-02
INV-3120252,TX2420252,CARD_MC,250.58,11.93,PAID,2024-12-02
INV-3120261,TX2420261,APPLE_PAY,116.51,5.55,PAID,2024-12-02
INV-3120274,TX2420274,APPLE_PAY,89.11,4.24,PAID,2024-12-03
INV-3120307,TX2420307,CARD_VISA,387.52,18.45,PAID,2024-12-03
INV-3120331,TX2420331,CARD_VISA,689.88,32.85,PAID,2024-12-03
INV-3120381,TX2420381,CARD_MC,233.56,11.12,PAID,2024-12-03
INV-3120442,TX2420442,CARD_VISA,434.35,20.68,PAID,2024-12-02
INV-3120473,TX2420473,CARD_MC,163.19,7.77,PAID,2024-12-02
INV-3120490,TX2420490,CARD_VISA,207.56,9.88,PAID,2024-12-02
INV-3120541,TX2420541,UAE_DDS,91.14,4.34,PAID,2024-12-02
INV-3120594,TX2420594,CARD_VISA,176.89,8.42,PAID,2024-12-03
INV-3120636,TX2420636,CARD_VISA,314.77,14.99,PAID,2024-12-03
INV-3120666,TX2420666,CARD_MC,1872.85,89.18,PAID,2024-12-03
INV-3120706,TX2420706,CARD_VISA,134.14,6.39,PAID,2024-12-02
INV-3120721,TX2420721,CARD_VISA,97.26,4.63,PAID,2024-12-02
INV-3120759,TX2420759,CARD_VISA,529.88,25.23,PAID,2024-12-03
INV-3120762,TX2420762,CARD_MC,310.76,14.8,PAID,2024-12-02
INV-3120863,TX2420863,CARD_MC,294.47,14.02,PAID,2024-12-02
INV-3120880,TX2420880,CARD_MC,118.59,5.65,PAID,2024-12-02
INV-3120936,TX2420936,CARD_VISA,135.85,6.47,PAID,2024-12-02
INV-3120958,TX2420958,CARD_VISA,493.25,23.49,PAID,2024-12-02
INV-3120966,TX2420966,CARD_VISA,55.18,2.63,PAID,2024-12-03
INV-3120993,TX2420993,CARD_VISA,385.27,18.35,PAID,2024-12-02
INV-3121022,TX2421022,UAE_DDS,166.03,7.91,PAID,2024-12-02
INV-3121038,TX2421038,CARD_MC,863.61,41.12,PAID,2024-12-03
INV-3121053,TX2421053,AANI,401.0,19.1,PAID,2024-12-02
INV-3121061,TX2421061,CARD_MC,134.39,6.4,PAID,2024-12-03
INV-3121084,TX2421084,CARD_VISA,100.97,4.81,PAID,2024-12-03
INV-3121092,TX2421092,CARD_VISA,177.2,8.44,PAID,2024-12-02
INV-3121098,TX2421098,CARD_VISA,53.64,2.55,PAID,2024-12-03
INV-3121104,TX2421104,AANI,405.48,19.31,PAID,2024-12-02
INV-3121117,TX2421117,CARD_MC,160.9,7.66,PAID,2024-12-03
INV-3121142,TX2421142,CARD_VISA,68.22,3.25,PAID,2024-12-03
INV-3121151,TX2421151,APPLE_PAY,51.47,2.45,PAID,2024-12-02
INV-3121156,TX2421156,CARD_MC,580.3,27.63,PAID,2024-12-03
INV-3121159,TX2421159,UAE_DDS,263.34,12.54,PAID,2024-12-02
INV-3121177,TX2421177,CARD_MC,81.32,3.87,PAID,2024-12-02
INV-3121193,TX2421193,CARD_VISA,740.85,35.28,PAID,2024-12-02
INV-3121259,TX2421259,CARD_VISA,363.46,17.31,PAID,2024-12-03
INV-3121281,TX2421281,APPLE_PAY,324.92,15.47,PAID,2024-12-02
INV-3121304,TX2421304,UAE_DDS,66.7,3.18,PAID,2024-12-02
INV-3121321,TX2421321,CARD_VISA,318.06,15.15,PAID,2024-12-03
INV-3121324,TX2421324,CARD_VISA,198.66,9.46,PAID,2024-12-03
INV-3121371,TX2421371,CARD_VISA,57.9,2.76,PAID,2024-12-02
INV-3121415,TX2421415,APPLE_PAY,149.65,7.13,PAID,2024-12-03
INV-3121457,TX2421457,CARD_VISA,146.95,7.0,PAID,2024-12-02
INV-3121480,TX2421480,CARD_MC,133.82,6.37,PAID,2024-12-02
INV-3121482,TX2421482,CARD_VISA,216.16,10.29,PAID,2024-12-02
INV-3121498,TX2421498,CARD_MC,568.97,27.09,PAID,2024-12-02
INV-3121550,TX2421550,APPLE_PAY,484.73,23.08,PAID,2024-12-03
INV-3121564,TX2421564,CARD_VISA,1436.45,68.4,PAID,2024-12-02
INV-3121568,TX2421568,CARD_VISA,231.49,11.02,PAID,2024-12-02
INV-3121578,TX2421578,APPLE_PAY,520.04,24.76,PAID,2024-12-03
INV-3121587,TX2421587,CARD_VISA,80.37,3.83,PAID,2024-12-02
INV-3121649,TX2421649,CARD_MC,170.34,8.11,PAID,2024-12-03
INV-3121692,TX2421692,APPLE_PAY,202.42,9.64,PAID,2024-12-02
INV-3121864,TX2421864,CARD_VISA,105.87,5.04,PAID,2024-12-02
INV-3121936,TX2421936,CARD_VISA,544.65,25.94,PAID,2024-12-02
INV-3122076,TX2422076,CARD_MC,868.16,41.34,PAID,2024-12-02
INV-3122077,TX2422077,CARD_VISA,273.54,13.03,PAID,2024-12-03
INV-3122086,TX2422086,CARD_MC,801.71,38.18,PAID,2024-12-03
INV-3122176,TX2422176,CARD_VISA,90.96,4.33,PAID,2024-12-02
INV-3122234,TX2422234,CARD_MC,213.34,10.16,PAID,2024-12-02
INV-3122256,TX2422256,CARD_VISA,1001.87,47.71,PAID,2024-12-02
INV-3122293,TX2422293,CARD_VISA,1136.4,54.11,PAID,2024-12-02
INV-3122321,TX2422321,UAE_DDS,27.24,1.3,PAID,2024-12-02
INV-3122364,TX2422364,CARD_MC,62.52,2.98,PAID,2024-12-03
INV-3122400,TX2422400,APPLE_PAY,1031.32,49.11,PAID,2024-12-02
INV-3122473,TX2422473,CARD_VISA,398.68,18.98,PAID,2024-12-02
INV-3122505,TX2422505,AANI,341.14,16.24,PAID,2024-12-02
INV-3122540,TX2422540,CARD_VISA,124.64,5.94,PAID,2024-12-02
INV-3122541,TX2422541,CARD_MC,283.15,13.48,PAID,2024-12-02
INV-3122596,TX2422596,CARD_MC,401.04,19.1,PAID,2024-12-03
INV-3122649,TX2422649,AANI,172.9,8.23,PAID,2024-12-02
INV-3122656,TX2422656,CARD_MC,77.47,3.69,PAID,2024-12-03
INV-3122663,TX2422663,CARD_VISA,182.42,8.69,PAID,2024-12-03
INV-3122754,TX2422754,CARD_MC,350.2,16.68,PAID,2024-12-02
INV-3122776,TX2422776,CARD_VISA,293.21,13.96,PAID,2024-12-03
INV-3122797,TX2422797,AANI,1321.21,62.91,PAID,2024-12-02
INV-3122850,TX2422850,CARD_VISA,143.55,6.84,PAID,2024-12-02
INV-3122851,TX2422851,CARD_MC,221.63,10.55,PAID,2024-12-02
INV-3122900,TX2422900,CARD_MC,606.2,28.87,PAID,2024-12-02
INV-3122903,TX2422903,APPLE_PAY,446.83,21.28,PAID,2024-12-02
INV-3122911,TX2422911,APPLE_PAY,1321.14,62.91,PAID,2024-12-03
INV-3122927,TX2422927,CARD_VISA,229.17,10.91,PAID,2024-12-03
INV-3122970,TX2422970,CARD_VISA,176.55,8.41,PAID,2024-12-02
INV-3123001,TX2423001,AANI,384.66,18.32,PAID,2024-12-02
INV-3123059,TX2423059,APPLE_PAY,170.32,8.11,PAID,2024-12-02
INV-3123066,TX2423066,CARD_VISA,121.52,5.79,PAID,2024-12-03
INV-3123082,TX2423082,CARD_VISA,1452.64,69.17,PAID,2024-12-02
INV-3123095,TX2423095,CARD_MC,410.68,19.56,PAID,2024-12-03
INV-3123096,TX2423096,AANI,747.22,35.58,PAID,2024-12-02
INV-3123111,TX2423111,APPLE_PAY,197.35,9.4,PAID,2024-12-02
INV-3123124,TX2423124,AANI,251.78,11.99,PAID,2024-12-03
INV-3123150,TX2423150,CARD_VISA,68.64,3.27,PAID,2024-12-02
INV-3123312,TX2423312,CARD_MC,1298.34,61.83,PAID,2024-12-03
INV-3123427,TX2423427,CARD_VISA,228.41,10.88,PAID,2024-12-02
INV-3123462,TX2423462,CARD_VISA,81.48,3.88,PAID,2024-12-03
INV-3123481,TX2423481,CARD_MC,172.65,8.22,PAID,2024-12-03
INV-3123495,TX2423495,CARD_VISA,511.14,24.34,PAID,2024-12-02
INV-3123522,TX2423522,APPLE_PAY,90.05,4.29,PAID,2024-12-02
INV-3123561,TX2423561,AANI,226.56,10.79,PAID,2024-12-03
INV-3123615,TX2423615,CARD_MC,153.98,7.33,PAID,2024-12-02
INV-3123657,TX2423657,UAE_DDS,195.45,9.31,PAID,2024-12-03
INV-3123669,TX2423669,CARD_VISA,176.97,8.43,PAID,2024-12-02
INV-3123823,TX2423823,CARD_MC,462.78,22.04,PAID,2024-12-03
INV-3123835,TX2423835,CARD_VISA,64.23,3.06,PAID,2024-12-02
INV-3123854,TX2423854,CARD_VISA,868.38,41.35,PAID,2024-12-03
INV-3123871,TX2423871,UAE_DDS,79.14,3.77,PAID,2024-12-03
INV-3123931,TX2423931,CARD_VISA,237.94,11.33,PAID,2024-12-03
INV-3123935,TX2423935,CARD_VISA,370.84,17.66,PAID,2024-12-03
INV-3123995,TX2423995,CARD_MC,344.22,16.39,PAID,2024-12-02
INV-3124071,TX2424071,CARD_VISA,288.61,13.74,PAID,2024-12-03
INV-3124077,TX2424077,APPLE_PAY,53.77,2.56,PAID,2024-12-02
INV-3124093,TX2424093,CARD_VISA,361.58,17.22,PAID,2024-12-02
INV-3124129,TX2424129,CARD_VISA,248.84,11.85,PAID,2024-12-03
INV-3124165,TX2424165,AANI,1023.95,48.76,PAID,2024-12-03
INV-3124182,TX2424182,CARD_MC,482.38,22.97,PAID,2024-12-02
INV-3124218,TX2424218,CARD_VISA,157.34,7.49,PAID,2024-12-03
INV-3124229,TX2424229,CARD_MC,712.42,33.92,PAID,2024-12-02
INV-3124259,TX2424259,CARD_MC,405.77,19.32,PAID,2024-12-02
INV-3124262,TX2424262,CARD_VISA,560.37,26.68,PAID,2024-12-02
INV-3124281,TX2424281,CARD_VISA,133.25,6.35,PAID,2024-12-03
INV-3124319,TX2424319,CARD_VISA,173.87,8.28,PAID,2024-12-02
INV-3124345,TX2424345,AANI,1032.17,49.15,PAID,2024-12-03
INV-3124405,TX2424405,APPLE_PAY,101.7,4.84,PAID,2024-12-02
INV-3124411,TX2424411,CARD_MC,525.4,25.02,PAID,2024-12-02
INV-3124459,TX2424459,UAE_DDS,315.63,15.03,PAID,2024-12-02
INV-3124474,TX2424474,CARD_MC,252.1,12.0,PAID,2024-12-03
INV-3124491,TX2424491,CARD_VISA,290.05,13.81,PAID,2024-12-03
INV-3124530,TX2424530,CARD_VISA,977.46,46.55,PAID,2024-12-02
INV-3124568,TX2424568,AANI,495.35,23.59,PAID,2024-12-03
INV-3124615,TX2424615,CARD_VISA,1266.57,60.31,PAID,2024-12-03
INV-3124656,TX2424656,CARD_VISA,137.4,6.54,PAID,2024-12-03
INV-3124760,TX2424760,CARD_MC,162.09,7.72,PAID,2024-12-02
INV-3124852,TX2424852,APPLE_PAY,215.23,10.25,PAID,2024-12-02
INV-3124883,TX2424883,APPLE_PAY,422.65,20.13,PAID,2024-12-03
INV-3124900,TX2424900,CARD_MC,891.56,42.46,PAID,2024-12-02
INV-3124952,TX2424952,CARD_VISA,480.89,22.9,PAID,2024-12-03
INV-3124956,TX2424956,CARD_VISA,561.85,26.75,PAID,2024-12-02
INV-3124982,TX2424982,CARD_VISA,359.19,17.1,PAID,2024-12-03
INV-3125012,TX2425012,CARD_VISA,683.76,32.56,PAID,2024-12-03
INV-3125036,TX2425036,CARD_MC,352.61,16.79,PAID,2024-12-02
INV-3125040,TX2425040,CARD_MC,60.73,2.89,PAID,2024-12-02
INV-3125047,TX2425047,UAE_DDS,299.75,14.27,PAID,2024-12-03
INV-3125219,TX2425219,CARD_MC,669.72,31.89,PAID,2024-12-02
INV-3125236,TX2425236,CARD_MC,162.45,7.74,PAID,2024-12-02
INV-3125264,TX2425264,CARD_VISA,83.27,3.97,PAID,2024-12-03
INV-3125334,TX2425334,CARD_MC,124.68,5.94,PAID,2024-12-03
INV-3125359,TX2425359,CARD_VISA,184.1,8.77,PAID,2024-12-02
INV-3125416,TX2425416,APPLE_PAY,186.63,8.89,PAID,2024-12-03
INV-3125454,TX2425454,APPLE_PAY,29.71,1.41,PAID,2024-12-02
INV-3125506,TX2425506,APPLE_PAY,176.48,8.4,PAID,2024-12-02
INV-3125522,TX2425522,CARD_MC,631.05,30.05,PAID,2024-12-03
INV-3125581,TX2425581,APPLE_PAY,442.21,21.06,PAID,2024-12-03
INV-3125629,TX2425629,APPLE_PAY,142.75,6.8,PAID,2024-12-02
INV-3125697,TX2425697,CARD_VISA,142.66,6.79,PAID,2024-12-03
INV-3125810,TX2425810,AANI,52.17,2.48,PAID,2024-12-03
INV-3125839,TX2425839,CARD_MC,251.54,11.98,PAID,2024-12-02
INV-3125877,TX2425877,CARD_VISA,750.14,35.72,PAID,2024-12-03
INV-3125924,TX2425924,AANI,268.92,12.81,PAID,2024-12-02
INV-3125926,TX2425926,APPLE_PAY,401.31,19.11,PAID,2024-12-02
INV-3125941,TX2425941,AANI,335.34,15.97,PAID,2024-12-02
INV-3125978,TX2425978,APPLE_PAY,718.04,34.19,PAID,2024-12-03
