date_key,full_date,year_num,quarter_num,month_num,month_name,year_month_key,iso_week_num,day_name,is_weekend,is_uae_public_holiday,is_working_day
20250301,2025-03-01,2025,1,3,March,202503,9,Saturday,True,False,False
20250302,2025-03-02,2025,1,3,March,202503,9,Sunday,True,False,False
20250303,2025-03-03,2025,1,3,March,202503,10,Monday,False,False,True
20250304,2025-03-04,2025,1,3,March,202503,10,Tuesday,False,False,True
20250305,2025-03-05,2025,1,3,March,202503,10,Wednesday,False,False,True
20250306,2025-03-06,2025,1,3,March,202503,10,Thursday,False,False,True
20250307,2025-03-07,2025,1,3,March,202503,10,Friday,False,False,True
20250308,2025-03-08,2025,1,3,March,202503,10,Saturday,True,False,False
20250309,2025-03-09,2025,1,3,March,202503,10,Sunday,True,False,False
20250310,2025-03-10,2025,1,3,March,202503,11,Monday,False,False,True
20250311,2025-03-11,2025,1,3,March,202503,11,Tuesday,False,False,True
20250312,2025-03-12,2025,1,3,March,202503,11,Wednesday,False,False,True
20250313,2025-03-13,2025,1,3,March,202503,11,Thursday,False,False,True
20250314,2025-03-14,2025,1,3,March,202503,11,Friday,False,False,True
20250315,2025-03-15,2025,1,3,March,202503,11,Saturday,True,False,False
20250316,2025-03-16,2025,1,3,March,202503,11,Sunday,True,False,False
20250317,2025-03-17,2025,1,3,March,202503,12,Monday,False,False,True
20250318,2025-03-18,2025,1,3,March,202503,12,Tuesday,False,False,True
20250319,2025-03-19,2025,1,3,March,202503,12,Wednesday,False,False,True
20250320,2025-03-20,2025,1,3,March,202503,12,Thursday,False,False,True
20250321,2025-03-21,2025,1,3,March,202503,12,Friday,False,False,True
20250322,2025-03-22,2025,1,3,March,202503,12,Saturday,True,False,False
20250323,2025-03-23,2025,1,3,March,202503,12,Sunday,True,False,False
20250324,2025-03-24,2025,1,3,March,202503,13,Monday,False,False,True
20250325,2025-03-25,2025,1,3,March,202503,13,Tuesday,False,False,True
20250326,2025-03-26,2025,1,3,March,202503,13,Wednesday,False,False,True
20250327,2025-03-27,2025,1,3,March,202503,13,Thursday,False,False,True
20250328,2025-03-28,2025,1,3,March,202503,13,Friday,False,False,True
20250329,2025-03-29,2025,1,3,March,202503,13,Saturday,True,False,False
20250330,2025-03-30,2025,1,3,March,202503,13,Sunday,True,False,False
20250331,2025-03-31,2025,1,3,March,202503,14,Monday,False,True,False
20250401,2025-04-01,2025,2,4,April,202504,14,Tuesday,False,True,False
20250402,2025-04-02,2025,2,4,April,202504,14,Wednesday,False,False,True
20250403,2025-04-03,2025,2,4,April,202504,14,Thursday,False,False,True
20250404,2025-04-04,2025,2,4,April,202504,14,Friday,False,False,True
20250405,2025-04-05,2025,2,4,April,202504,14,Saturday,True,False,False
20250406,2025-04-06,2025,2,4,April,202504,14,Sunday,True,False,False
20250407,2025-04-07,2025,2,4,April,202504,15,Monday,False,False,True
20250408,2025-04-08,2025,2,4,April,202504,15,Tuesday,False,False,True
20250409,2025-04-09,2025,2,4,April,202504,15,Wednesday,False,False,True
20250410,2025-04-10,2025,2,4,April,202504,15,Thursday,False,False,True
20250411,2025-04-11,2025,2,4,April,202504,15,Friday,False,False,True
20250412,2025-04-12,2025,2,4,April,202504,15,Saturday,True,False,False
20250413,2025-04-13,2025,2,4,April,202504,15,Sunday,True,False,False
20250414,2025-04-14,2025,2,4,April,202504,16,Monday,False,False,True
20250415,2025-04-15,2025,2,4,April,202504,16,Tuesday,False,False,True
20250416,2025-04-16,2025,2,4,April,202504,16,Wednesday,False,False,True
20250417,2025-04-17,2025,2,4,April,202504,16,Thursday,False,False,True
20250418,2025-04-18,2025,2,4,April,202504,16,Friday,False,False,True
20250419,2025-04-19,2025,2,4,April,202504,16,Saturday,True,False,False
20250420,2025-04-20,2025,2,4,April,202504,16,Sunday,True,False,False
20250421,2025-04-21,2025,2,4,April,202504,17,Monday,False,False,True
20250422,2025-04-22,2025,2,4,April,202504,17,Tuesday,False,False,True
20250423,2025-04-23,2025,2,4,April,202504,17,Wednesday,False,False,True
20250424,2025-04-24,2025,2,4,April,202504,17,Thursday,False,False,True
20250425,2025-04-25,2025,2,4,April,202504,17,Friday,False,False,True
20250426,2025-04-26,2025,2,4,April,202504,17,Saturday,True,False,False
20250427,2025-04-27,2025,2,4,April,202504,17,Sunday,True,False,False
20250428,2025-04-28,2025,2,4,April,202504,18,Monday,False,False,True
20250429,2025-04-29,2025,2,4,April,202504,18,Tuesday,False,False,True
20250430,2025-04-30,2025,2,4,April,202504,18,Wednesday,False,False,True
20250501,2025-05-01,2025,2,5,May,202505,18,Thursday,False,False,True
20250502,2025-05-02,2025,2,5,May,202505,18,Friday,False,False,True
20250503,2025-05-03,2025,2,5,May,202505,18,Saturday,True,False,False
20250504,2025-05-04,2025,2,5,May,202505,18,Sunday,True,False,False
20250505,2025-05-05,2025,2,5,May,202505,19,Monday,False,False,True
20250506,2025-05-06,2025,2,5,May,202505,19,Tuesday,False,False,True
20250507,2025-05-07,2025,2,5,May,202505,19,Wednesday,False,False,True
20250508,2025-05-08,2025,2,5,May,202505,19,Thursday,False,False,True
20250509,2025-05-09,2025,2,5,May,202505,19,Friday,False,False,True
20250510,2025-05-10,2025,2,5,May,202505,19,Saturday,True,False,False
20250511,2025-05-11,2025,2,5,May,202505,19,Sunday,True,False,False
20250512,2025-05-12,2025,2,5,May,202505,20,Monday,False,False,True
20250513,2025-05-13,2025,2,5,May,202505,20,Tuesday,False,False,True
20250514,2025-05-14,2025,2,5,May,202505,20,Wednesday,False,False,True
20250515,2025-05-15,2025,2,5,May,202505,20,Thursday,False,False,True
20250516,2025-05-16,2025,2,5,May,202505,20,Friday,False,False,True
20250517,2025-05-17,2025,2,5,May,202505,20,Saturday,True,False,False
20250518,2025-05-18,2025,2,5,May,202505,20,Sunday,True,False,False
20250519,2025-05-19,2025,2,5,May,202505,21,Monday,False,False,True
20250520,2025-05-20,2025,2,5,May,202505,21,Tuesday,False,False,True
20250521,2025-05-21,2025,2,5,May,202505,21,Wednesday,False,False,True
20250522,2025-05-22,2025,2,5,May,202505,21,Thursday,False,False,True
20250523,2025-05-23,2025,2,5,May,202505,21,Friday,False,False,True
20250524,2025-05-24,2025,2,5,May,202505,21,Saturday,True,False,False
20250525,2025-05-25,2025,2,5,May,202505,21,Sunday,True,False,False
20250526,2025-05-26,2025,2,5,May,202505,22,Monday,False,False,True
20250527,2025-05-27,2025,2,5,May,202505,22,Tuesday,False,False,True
20250528,2025-05-28,2025,2,5,May,202505,22,Wednesday,False,False,True
20250529,2025-05-29,2025,2,5,May,202505,22,Thursday,False,False,True
20250530,2025-05-30,2025,2,5,May,202505,22,Friday,False,False,True
20250531,2025-05-31,2025,2,5,May,202505,22,Saturday,True,False,False
20250601,2025-06-01,2025,2,6,June,202506,22,Sunday,True,False,False
20250602,2025-06-02,2025,2,6,June,202506,23,Monday,False,False,True
20250603,2025-06-03,2025,2,6,June,202506,23,Tuesday,False,False,True
20250604,2025-06-04,2025,2,6,June,202506,23,Wednesday,False,False,True
20250605,2025-06-05,2025,2,6,June,202506,23,Thursday,False,True,False
20250606,2025-06-06,2025,2,6,June,202506,23,Friday,False,True,False
20250607,2025-06-07,2025,2,6,June,202506,23,Saturday,True,False,False
20250608,2025-06-08,2025,2,6,June,202506,23,Sunday,True,False,False
20250609,2025-06-09,2025,2,6,June,202506,24,Monday,False,True,False
20250610,2025-06-10,2025,2,6,June,202506,24,Tuesday,False,False,True
20250611,2025-06-11,2025,2,6,June,202506,24,Wednesday,False,False,True
20250612,2025-06-12,2025,2,6,June,202506,24,Thursday,False,False,True
20250613,2025-06-13,2025,2,6,June,202506,24,Friday,False,False,True
20250614,2025-06-14,2025,2,6,June,202506,24,Saturday,True,False,False
20250615,2025-06-15,2025,2,6,June,202506,24,Sunday,True,False,False
20250616,2025-06-16,2025,2,6,June,202506,25,Monday,False,False,True
20250617,2025-06-17,2025,2,6,June,202506,25,Tuesday,False,False,True
20250618,2025-06-18,2025,2,6,June,202506,25,Wednesday,False,False,True
20250619,2025-06-19,2025,2,6,June,202506,25,Thursday,False,False,True
20250620,2025-06-20,2025,2,6,June,202506,25,Friday,False,False,True
20250621,2025-06-21,2025,2,6,June,202506,25,Saturday,True,False,False
20250622,2025-06-22,2025,2,6,June,202506,25,Sunday,True,False,False
20250623,2025-06-23,2025,2,6,June,202506,26,Monday,False,False,True
20250624,2025-06-24,2025,2,6,June,202506,26,Tuesday,False,False,True
20250625,2025-06-25,2025,2,6,June,202506,26,Wednesday,False,False,True
20250626,2025-06-26,2025,2,6,June,202506,26,Thursday,False,False,True
20250627,2025-06-27,2025,2,6,June,202506,26,Friday,False,False,True
20250628,2025-06-28,2025,2,6,June,202506,26,Saturday,True,False,False
20250629,2025-06-29,2025,2,6,June,202506,26,Sunday,True,False,False
20250630,2025-06-30,2025,2,6,June,202506,27,Monday,False,False,True
